"lga_id","num_existing_schools","num_existing_classrooms","total_teachers","primary_js","improved_functional_water_numerator","improved_functional_water_denominator","improved_functional_water_percent","improved_sanitation_numerator","improved_sanitation_denominator","improved_sanitation_percent","phcn_electricity_numerator","phcn_electricity_denominator","phcn_electricity_percent","num_classrm_w_chalkboard_numerator","num_classrm_w_chalkboard_denominator","num_classrm_w_chalkboard_percent","num_tchrs_with_nce_numerator","num_tchrs_with_nce_denominator","num_tchrs_with_nce_percent","lga","state","zone","pop_2006"
2,87,890,1209,82,33,87,38,47,87,55,12,87,14,13,87,15,842,87,968,"Abaji","FCT","North-Central",58444
3,46,602,1057,41,15,46,33,28,46,61,10,46,22,182,46,396,763,46,1659,"Abak","Akwa Ibom","South-South",139090
4,51,676,1026,49,20,51,40,28,51,55,14,51,28,1378,51,2702,645,51,1265,"Abakaliki","Ebonyi","Southeast",151723
5,75,3019,2001,70,52,75,70,58,75,78,34,75,46,481,75,642,952,75,1270,"Aba North","Abia","Southeast",107488
6,53,882,1006,52,15,53,29,21,53,40,29,53,55,212,53,400,447,53,844,"Aba South","Abia","Southeast",423852
7,147,1639,3012,126,25,147,18,109,147,75,86,147,59,1408,147,958,2008,147,1366,"Abeokuta North","Ogun","Southwest",201329
8,111,1491,2663,82,22,111,20,77,111,70,73,111,66,1008,111,909,1636,111,1474,"Abeokuta South","Ogun","Southwest",250278
9,76,2688,1210,72,28,76,37,31,76,41,31,76,41,418,76,550,666,76,877,"Abi","Cross River","South-South",144802
10,97,1041,1137,86,29,97,30,71,97,74,40,97,42,320,97,330,553,97,571,"Aboh Mbaise","Imo","Southeast",195652
11,68,499,627,50,9,68,14,13,68,20,15,68,23,292,68,430,276,68,406,"Abua Odual","Rivers","South-South",282988
12,112,1821,1467,94,25,112,23,63,112,57,53,112,48,2557,112,2284,894,112,799,"Adavi","Kogi","North-Central",202194
13,96,1027,2032,90,11,96,12,36,96,38,22,96,23,740,96,771,1117,96,1164,"Ado-Ekiti","Ekiti","Southwest",308621
14,140,2108,1915,113,27,140,20,45,140,33,28,140,20,546,140,390,1158,140,828,"Ado-Odo/Ota","Ogun","Southwest",526565
15,112,1084,1333,95,18,112,17,53,112,48,31,112,28,853,112,762,718,112,642,"Afijio","Oyo","Southwest",134173
16,43,1425,535,30,15,43,35,17,43,40,17,43,40,192,43,447,297,43,691,"Afikpo North","Ebonyi","Southeast",156611
17,65,724,610,62,4,65,7,24,65,37,4,65,7,0,65,0,319,65,491,"Afikpo South","Ebonyi","Southeast",157072
18,167,807,1763,158,25,167,15,22,167,14,26,167,16,551,167,330,704,167,422,"Agaie","Niger","North-Central",132907
19,102,777,943,81,3,102,3,21,102,21,2,102,2,307,102,301,772,102,757,"Agatu","Benue","North-Central",115523
20,66,3325,342,60,17,66,26,11,66,17,0,66,0,3184,66,4825,160,66,243,"Agwara","Niger","North-Central",57413
21,88,5270,2121,77,70,88,80,78,88,89,62,88,71,930,88,1057,1032,88,1173,"Agege","Lagos","Southwest",459939
22,159,2398,1898,147,17,159,11,103,159,65,80,159,51,940,159,592,962,159,606,"Aguata","Anambra","Southeast",370172
23,95,940,1170,84,18,95,19,61,95,65,49,95,52,357,95,376,560,95,590,"Ahiazu-Mbaise","Imo","Southeast",170902
24,68,1477,706,51,28,68,42,35,68,52,28,68,42,3270,68,4809,395,68,581,"Ahoada East","Rivers","South-South",166747
25,97,1606,637,74,25,97,26,20,97,21,16,97,17,1426,97,1471,327,97,338,"Ahoada West","Rivers","South-South",249425
26,65,597,633,65,9,65,14,38,65,59,8,65,13,0,65,0,364,65,560,"Ajaokuta","Kogi","North-Central",122321
27,154,1493,1938,112,77,154,50,104,154,68,136,154,89,1431,154,930,660,154,429,"Ajeromi-Ifelodun","Lagos","Southwest",684105
28,101,1435,592,95,25,101,25,44,101,44,26,101,26,238,101,236,211,101,209,"Ajingi","Kano","Northwest",174137
29,59,584,910,54,6,59,11,27,59,46,9,59,16,327,59,555,548,59,929,"Akamkpa","Cross River","South-South",151125
30,118,2709,1075,109,25,118,22,30,118,26,19,118,17,566,118,480,701,118,595,"Akinyele","Oyo","Southwest",211359
31,251,1453,2418,251,47,251,19,135,251,54,35,251,14,2,251,1,977,251,390,"Akko","Gombe","Northeast",337853
32,66,1630,763,60,7,66,11,13,66,20,31,66,47,1331,66,2017,579,66,878,"Akoko-Edo","Edo","South-South",262110
33,114,1410,1575,112,27,114,24,78,114,69,47,114,42,0,114,0,960,114,843,"Akoko North East","Ondo","Southwest",175409
34,96,1059,1470,83,0,96,0,48,96,50,53,96,56,0,96,0,0,96,0,"Akoko North West","Ondo","Southwest",213792
35,88,1014,1495,84,17,88,20,45,88,52,33,88,38,666,88,757,873,88,993,"Akoko South West","Ondo","Southwest",229486
36,40,504,509,39,8,40,20,23,40,58,14,40,35,400,40,1000,309,40,773,"Akoko South East","Ondo","Southwest",82426
37,30,1295,506,29,12,30,40,20,30,67,7,30,24,127,30,424,226,30,754,"Akpabuyo","Cross River","South-South",271395
38,30,260,267,30,7,30,24,9,30,30,8,30,27,0,30,0,120,30,400,"Akuku Toru","Rivers","South-South",156006
39,68,757,1120,61,12,68,18,30,68,45,16,68,24,642,68,945,566,68,833,"Akure North","Ondo","Southwest",131587
40,133,4947,3384,124,36,133,28,68,133,52,61,133,46,3752,133,2822,1774,133,1334,"Akure South","Ondo","Southwest",353211
41,102,764,1368,102,13,102,13,22,102,22,1,102,1,5,102,5,930,102,912,"Akwanga","Nasarawa","North-Central",113430
42,121,2601,970,116,48,121,40,47,121,39,13,121,11,1427,121,1180,290,121,240,"Albasu","Kano","Northwest",190153
43,37,391,294,31,12,37,33,25,37,68,10,37,28,216,37,584,170,37,460,"Aliero","Kebbi","Northwest",65972
44,159,3842,4037,116,105,159,67,132,159,84,98,159,62,2449,159,1541,1285,159,809,"Alimosho","Lagos","Southwest",1277714
45,115,455,620,86,24,115,21,38,115,34,2,115,2,239,115,208,375,115,327,"Alkaleri","Bauchi","Northeast",329424
46,103,1142,1276,73,64,103,63,84,103,82,53,103,52,967,103,939,365,103,355,"Amuwo-Odofin","Lagos","Southwest",318166
47,28,267,281,27,9,28,33,19,28,68,2,28,8,57,28,204,146,28,522,"Anambra East","Anambra","Southeast",153331
48,77,639,417,76,18,77,24,21,77,28,0,77,0,0,77,0,233,77,303,"Anambra West","Anambra","Southeast",167416
49,77,1920,1012,73,24,77,32,51,77,67,41,77,54,433,77,563,441,77,573,"Anaocha","Anambra","Southeast",285002
50,90,2514,516,69,1,90,2,8,90,9,1,90,2,3164,90,3516,302,90,336,"Andoni","Rivers","South-South",211009
51,56,1518,575,56,8,56,15,18,56,33,4,56,8,0,56,0,450,56,804,"Aninri","Enugu","Southeast",133723
52,80,897,1445,74,4,80,5,48,80,60,37,80,47,626,80,783,835,80,1044,"Aniocha North","Delta","South-South",104711
53,113,3121,1509,109,13,113,12,60,113,54,11,113,10,800,113,708,901,113,798,"Aniocha South","Delta","South-South",140604
54,67,3287,378,64,15,67,23,22,67,33,3,67,5,240,67,359,133,67,199,"Anka","Zamfara","Northwest",142280
55,126,751,1176,101,6,126,5,28,126,23,6,126,5,384,126,305,892,126,708,"Ankpa","Kogi","North-Central",267353
56,153,3079,1261,124,1,153,1,29,153,19,13,153,9,348,153,228,952,153,623,"Apa","Benue","North-Central",96765
57,105,1094,1400,85,43,105,41,79,105,76,76,105,73,960,105,915,563,105,537,"Apapa","Lagos","Southwest",217362
58,109,891,744,109,24,109,23,22,109,21,6,109,6,0,109,0,507,109,466,"Ado","Benue","North-Central",178882
59,42,191,385,35,18,42,43,15,42,36,0,42,0,153,42,365,239,42,570,"Ardo-Kola","Taraba","Northeast",86921
60,104,2605,1082,100,47,104,46,53,104,51,5,104,5,496,104,477,526,104,506,"Arewa-Dandi","Kebbi","Northwest",184030
61,77,659,1337,71,43,77,56,46,77,60,15,77,20,563,77,732,876,77,1138,"Argungu","Kebbi","Northwest",195484
62,45,444,553,42,7,45,16,20,45,45,20,45,45,177,45,394,328,45,729,"Arochukwu","Abia","Southeast",170206
63,190,867,2244,186,92,190,49,62,190,33,24,190,13,0,190,0,1303,190,686,"Asa","Kwara","North-Central",126435
64,52,3336,351,32,13,52,25,12,52,24,19,52,37,3205,52,6164,189,52,364,"Asari Toru","Rivers","South-South",220100
65,83,599,1333,67,1,83,2,16,83,20,2,83,3,358,83,432,1029,83,1240,"Askira/Uba","Borno","Northeast",138091
66,72,680,448,72,10,72,14,23,72,32,3,72,5,0,72,0,252,72,350,"Atakunmosa East","Osun","Southwest",76197
67,79,2661,511,69,9,79,12,28,79,36,21,79,27,334,79,423,308,79,390,"Atakunmosa West","Osun","Southwest",68643
68,123,1067,1798,97,18,123,15,48,123,40,41,123,34,821,123,668,984,123,800,"Atiba","Oyo","Southwest",169702
69,82,712,880,75,5,82,7,24,82,30,13,82,16,550,82,671,590,82,720,"Atisbo","Oyo","Southwest",110792
70,62,422,539,59,12,62,20,16,62,26,10,62,17,0,62,0,242,62,391,"Augie","Kebbi","Northwest",117287
71,58,305,543,53,18,58,32,31,58,54,7,58,13,288,58,497,267,58,461,"Auyo","Jigawa","Northwest",132001
72,104,671,997,95,17,104,17,18,104,18,1,104,1,502,104,483,469,104,451,"Awe","Nasarawa","North-Central",112574
73,91,3633,895,82,7,91,8,28,91,31,26,91,29,1240,91,1363,457,91,503,"Awgu","Enugu","Southeast",198134
74,58,555,556,57,20,58,35,29,58,50,8,58,14,0,58,0,229,58,395,"Awka North","Anambra","Southeast",112608
75,76,3836,1131,74,48,76,64,59,76,78,38,76,50,1528,76,2011,504,76,664,"Awka South","Anambra","Southeast",189049
76,77,2591,513,63,3,77,4,31,77,41,0,77,0,207,77,269,260,77,338,"Ayamelum","Anambra","Southeast",158410
77,103,927,1024,94,23,103,23,41,103,40,30,103,30,792,103,769,688,103,668,"Ayedaade","Osun","Southwest",150392
78,63,626,576,54,10,63,16,29,63,47,15,63,24,480,63,762,378,63,600,"Ayedire","Osun","Southwest",75846
79,78,2406,430,67,40,78,52,28,78,36,5,78,7,2290,78,2936,209,78,268,"Babura","Jigawa","Northwest",208101
80,118,1476,1844,88,70,118,60,81,118,69,56,118,48,997,118,845,697,118,591,"Badagry","Lagos","Southwest",241093
81,46,11255,413,44,5,46,11,15,46,33,6,46,14,214,46,466,153,46,333,"Bagudo","Kebbi","Northwest",237817
82,57,354,695,49,15,57,27,26,57,46,9,57,16,280,57,492,245,57,430,"Bagwai","Kano","Northwest",162847
83,3,28,38,3,3,3,100,3,3,100,3,3,100,20,3,667,4,3,134,"Bakassi","Cross River","South-South",32385
84,152,1213,1239,127,14,152,10,25,152,17,3,152,2,1733,152,1141,931,152,613,"Bokkos","Plateau","North-Central",178454
85,105,3539,754,77,37,105,36,52,105,50,22,105,21,2483,105,2365,380,105,362,"Bakori","Katsina","Northwest",149371
86,65,297,337,49,9,65,14,35,65,54,11,65,17,237,65,365,175,65,270,"Bakura","Zamfara","Northwest",186905
87,163,1128,1773,162,27,163,17,43,163,27,1,163,1,0,163,0,760,163,467,"Balanga","Gombe","Northeast",212549
88,110,609,955,109,27,110,25,33,110,30,0,110,0,0,110,0,590,110,537,"Bali","Taraba","Northeast",208935
89,57,429,848,47,26,57,46,33,57,58,5,57,9,350,57,615,539,57,946,"Bama","Borno","Northeast",269986
90,57,391,1132,45,31,57,55,29,57,51,10,57,18,356,57,625,714,57,1253,"Barde","Yobe","Northeast",139782
91,173,5094,1342,162,26,173,16,32,173,19,28,173,17,1574,173,910,864,173,500,"Barkin-Ladi","Plateau","North-Central",175267
92,162,946,1129,150,39,162,25,70,162,44,2,162,2,337,162,209,780,162,482,"Baruten","Kwara","North-Central",209459
93,37,200,178,35,2,37,6,6,37,17,0,37,0,157,37,425,165,37,446,"Bassa","Kogi","North-Central",139993
94,132,5898,1158,124,15,132,12,26,132,20,28,132,22,2522,132,1911,728,132,552,"Bassa","Plateau","North-Central",186859
95,69,561,620,68,3,69,5,50,69,73,10,69,15,515,69,747,351,69,509,"Batagarawa","Katsina","Northwest",184575
96,124,666,691,104,9,124,8,63,124,51,5,124,5,428,124,346,258,124,209,"Batsari","Katsina","Northwest",208978
97,92,1127,2592,64,26,92,29,64,92,70,42,92,46,1841,92,2002,1589,92,1728,"Bauchi","Bauchi","Northeast",493810
98,76,448,569,70,15,76,20,34,76,45,11,76,15,1316,76,1732,173,76,228,"Baure","Katsina","Northwest",197425
99,47,201,358,39,9,47,20,24,47,52,3,47,7,147,47,313,219,47,466,"Bayo","Borno","Northeast",78978
100,119,1633,855,103,10,119,9,37,119,32,29,119,25,385,119,324,380,119,320,"Bebeji","Kano","Northwest",188859
101,94,840,1037,91,17,94,19,42,94,45,13,94,14,432,94,460,610,94,649,"Bekwara","Cross River","South-South",105822
102,116,1004,1165,108,13,116,12,59,116,51,34,116,30,417,116,360,723,116,624,"Bende","Abia","Southeast",192111
103,83,688,1179,74,7,83,9,26,83,32,11,83,14,225,83,272,670,83,808,"Biase","Cross River","South-South",169183
104,167,2041,1320,144,34,167,21,85,167,51,52,167,32,1751,167,1049,682,167,409,"Bichi","Kano","Northwest",277099
105,78,771,1969,67,42,78,54,50,78,65,47,78,61,556,78,713,1066,78,1367,"Bida","Niger","North-Central",188181
106,69,401,728,63,12,69,18,21,69,31,3,69,5,250,69,363,392,69,569,"Billiri","Gombe","Northeast",202144
107,54,1336,276,49,18,54,34,41,54,76,2,54,4,212,54,393,109,54,202,"Bindawa","Katsina","Northwest",152356
108,56,345,238,56,8,56,15,5,56,9,1,56,2,0,56,0,38,56,68,"Binji","Sokoto","Northwest",105027
109,70,398,400,61,44,70,63,44,70,63,4,70,6,363,70,519,195,70,279,"Biriniwa","Jigawa","Northwest",142329
110,169,1063,1123,166,31,169,19,75,169,45,18,169,11,0,169,0,644,169,382,"Birnin Gwari","Kaduna","Northwest",252363
111,98,1892,1613,89,33,98,34,58,98,60,48,98,49,757,98,773,709,98,724,"Birnin-Kebbi","Kebbi","Northwest",268420
112,24,176,173,18,8,24,34,19,24,80,2,24,9,156,24,650,62,24,259,"Birnin-Kudu","Jigawa","Northwest",313373
113,78,378,565,73,12,78,16,22,78,29,1,78,2,203,78,261,202,78,259,"Birnin-Magaji","Zamfara","Northwest",178619
114,43,275,979,29,12,43,28,19,43,45,15,43,35,232,43,540,620,43,1442,"Biu","Borno","Northeast",176072
115,72,517,828,70,16,72,23,24,72,34,19,72,27,359,72,499,315,72,438,"Bodinga","Sokoto","Northwest",175406
116,102,519,686,82,41,102,41,15,102,15,2,102,2,295,102,290,567,102,556,"Bogoro","Bauchi","Northeast",84215
117,125,1315,1199,124,29,125,24,34,125,28,1,125,1,0,125,0,849,125,680,"Boki","Cross River","South-South",186141
118,47,2426,247,46,13,47,28,33,47,71,17,47,37,386,47,822,140,47,298,"Boluwaduro","Osun","Southwest",70775
119,41,440,525,33,10,41,25,17,41,42,19,41,47,223,41,544,214,41,522,"Bomadi","Delta","South-South",86644
120,30,215,254,23,1,30,4,6,30,20,13,30,44,130,30,434,125,30,417,"Bonny","Rivers","South-South",215358
121,137,3993,1627,122,29,137,22,30,137,22,35,137,26,729,137,533,825,137,603,"Borgu","Niger","North-Central",171965
122,90,3784,833,76,9,90,10,55,90,62,18,90,20,3395,90,3773,516,90,574,"Boripe","Osun","Southwest",139358
123,57,309,362,53,15,57,27,22,57,39,1,57,2,220,57,386,167,57,293,"Bosari","Yobe","Northeast",109124
124,79,606,1701,71,17,79,22,26,79,33,19,79,25,396,79,502,1010,79,1279,"Bosso","Niger","North-Central",147359
125,57,459,626,56,4,57,8,15,57,27,1,57,2,4,57,8,272,57,478,"Brass","Bayelsa","South-South",185049
127,81,433,505,80,16,81,20,21,81,26,1,81,2,2,81,3,256,81,317,"Bukkuyum","Zamfara","Northwest",211633
128,225,1558,1779,180,25,225,12,70,225,32,10,225,5,661,225,294,1249,225,556,"Buruku","Benue","North-Central",203721
129,101,608,1369,89,20,101,20,39,101,39,13,101,13,457,101,453,671,101,665,"Bungudu","Zamfara","Northwest",257917
130,136,652,872,127,34,136,25,61,136,45,25,136,19,432,136,318,386,136,284,"Bunkure","Kano","Northwest",170891
131,82,545,564,74,22,82,27,29,82,36,14,82,18,0,82,0,284,82,347,"Bunza","Kebbi","Northwest",121461
132,79,762,814,77,6,79,8,14,79,18,17,79,22,413,79,523,408,79,517,"Burutu","Delta","South-South",209666
133,96,1107,1980,94,26,96,28,78,96,82,43,96,45,0,96,0,1312,96,1367,"Bwari","FCT","North-Central",227216
134,99,2537,2994,94,38,99,39,83,99,84,73,99,74,1202,99,1215,1002,99,1013,"Calabar-Municipal","Cross River","South-South",179392
135,49,724,1341,47,32,49,66,41,49,84,40,49,82,507,49,1035,431,49,880,"Calabar South","Cross River","South-South",191630
136,129,1671,4128,114,41,129,32,100,129,78,99,129,77,1297,129,1006,2553,129,1980,"Chanchaga","Niger","North-Central",201429
137,64,421,472,60,9,64,15,43,64,68,8,64,13,352,64,550,191,64,299,"Charanchi","Katsina","Northwest",137613
138,55,17233,767,53,0,55,0,4,55,8,1,55,2,6128,55,11142,391,55,711,"Chibok","Borno","Northeast",66105
139,250,1575,2517,218,46,250,19,74,250,30,30,250,12,1080,250,432,1487,250,595,"Chikun","Kaduna","Northwest",368250
140,74,1676,989,61,46,74,63,59,74,80,20,74,28,494,74,668,352,74,476,"Dala","Kano","Northwest",418777
141,20,87,129,20,3,20,15,3,20,15,7,20,35,87,20,435,62,20,310,"Damaturu","Yobe","Northeast",88014
142,111,1468,644,94,19,111,18,59,111,54,34,111,31,406,111,366,370,111,334,"Damban","Bauchi","Northeast",150922
143,137,4721,1379,118,33,137,25,57,137,42,12,137,9,1554,137,1135,460,137,336,"Dambatta","Kano","Northwest",207968
144,114,367,667,110,1,114,1,14,114,13,9,114,8,2296,114,2015,335,114,294,"Damboa","Borno","Northeast",231573
145,46,269,368,45,11,46,24,13,46,29,5,46,11,215,46,468,174,46,379,"Dandi","Kebbi","Northwest",144273
146,119,6715,835,98,11,119,10,43,119,37,30,119,26,1411,119,1186,261,119,220,"Dandume","Katsina","Northwest",145739
147,33,230,447,21,10,33,31,8,33,25,10,33,31,160,33,485,161,33,488,"Dange/shuni","Sokoto","Northwest",194546
148,89,477,460,82,13,89,15,58,89,66,11,89,13,378,89,425,236,89,266,"Danja","Katsina","Northwest",125703
149,108,2576,635,98,26,108,25,53,108,50,14,108,13,5461,108,5057,292,108,271,"Dan-Musa","Katsina","Northwest",113691
150,59,1334,382,49,8,59,14,17,59,29,6,59,11,1257,59,2131,187,59,317,"Darazo","Bauchi","Northeast",251597
151,26,131,146,15,11,26,43,15,26,58,2,26,8,1091,26,4197,104,26,400,"Dass","Bauchi","Northeast",89943
152,71,596,1081,65,10,71,15,64,71,91,24,71,34,532,71,750,566,71,798,"Daura","Katsina","Northwest",219721
153,183,974,1690,169,39,183,22,64,183,35,50,183,28,571,183,313,648,183,355,"Dawakin-Kudu","Kano","Northwest",225389
154,112,816,1203,98,32,112,29,78,112,70,14,112,13,549,112,491,614,112,549,"Dawakin-Tofa","Kano","Northwest",247875
155,53,1347,485,32,9,53,17,12,53,23,12,53,23,195,53,368,227,53,429,"Degema","Rivers","South-South",249773
156,157,3953,1566,138,4,157,3,47,157,30,13,157,9,455,157,290,1202,157,766,"Dekina","Kogi","North-Central",260312
157,88,474,1060,73,13,88,15,17,88,20,7,88,8,270,88,307,600,88,682,"Demsa","Adamawa","Northeast",180251
158,31,172,354,30,8,31,26,6,31,20,0,31,0,125,31,404,191,31,617,"Dikwa","Borno","Northeast",105909
159,127,455,720,117,5,127,4,25,127,20,21,127,17,186,127,147,243,127,192,"Doguwa","Kano","Northwest",151181
160,82,1975,1369,62,18,82,22,30,82,37,6,82,8,445,82,543,829,82,1011,"Doma","Nasarawa","North-Central",139607
161,19,157,225,16,1,19,6,7,19,37,1,19,6,78,19,411,127,19,669,"Donga","Taraba","Northeast",134111
162,150,698,1067,149,16,150,11,54,150,36,23,150,16,0,150,0,482,150,322,"Dukku","Gombe","Northeast",207190
163,51,780,899,50,17,51,34,38,51,75,25,51,50,165,51,324,374,51,734,"Dunukofia","Anambra","Southeast",96382
164,45,176,202,43,13,45,29,14,45,32,4,45,9,162,45,360,81,45,180,"Dutse","Jigawa","Northwest",246143
165,32,180,245,31,7,32,22,25,32,79,2,32,7,151,32,472,101,32,316,"Dutsi","Katsina","Northwest",120023
166,63,1476,688,59,10,63,16,52,63,83,9,63,15,384,63,610,473,63,751,"Dutsin-Ma","Katsina","Northwest",169671
167,20,3157,143,18,1,20,5,5,20,25,3,20,15,58,20,290,77,20,385,"Eastern-Obolo","Akwa Ibom","South-South",60543
168,142,2329,1947,107,50,142,36,29,142,21,28,142,20,575,142,405,1062,142,748,"Ebonyi","Ebonyi","Southeast",126837
169,98,1377,695,94,11,98,12,23,98,24,1,98,2,319,98,326,370,98,378,"Edati","Niger","North-Central",160321
170,57,581,796,42,16,57,29,30,57,53,20,57,36,518,57,909,462,57,811,"Ede North","Osun","Southwest",83831
171,96,901,920,96,33,96,35,47,96,49,21,96,22,0,96,0,487,96,508,"Ede South","Osun","Southwest",76035
172,191,2012,1440,178,13,191,7,22,191,12,42,191,22,751,191,394,890,191,466,"Edu","Kwara","North-Central",201469
173,90,2892,1449,58,26,90,29,50,90,56,47,90,53,525,90,584,745,90,828,"Ife-Central","Osun","Southwest",167254
174,98,792,1127,77,10,98,11,29,98,30,17,98,18,2622,98,2676,776,98,792,"Ife-East","Osun","Southwest",188087
175,88,739,553,79,7,88,8,29,88,33,16,88,19,573,88,652,411,88,468,"Ife-North","Osun","Southwest",153694
176,144,7931,896,122,3,144,3,31,144,22,31,144,22,2705,144,1879,462,144,321,"Ife-South","Osun","Southwest",135338
177,40,426,642,36,2,40,5,24,40,60,13,40,33,342,40,855,423,40,1058,"Efon","Ekiti","Southwest",86941
178,95,932,1102,95,5,95,6,40,95,43,14,95,15,0,95,0,965,95,1016,"Egbado North","Ogun","Southwest",181826
179,79,766,1268,70,18,79,23,41,79,52,27,79,35,313,79,397,846,79,1071,"Egbado South","Ogun","Southwest",168850
180,97,765,1505,73,14,97,15,46,97,48,35,97,37,603,97,622,733,97,756,"Egbeda","Oyo","Southwest",281573
181,97,3281,939,82,20,97,21,60,97,62,32,97,33,2708,97,2792,527,97,544,"Egbedore","Osun","Southwest",74435
182,61,612,1280,49,37,61,61,49,61,81,35,61,58,515,61,845,680,61,1115,"Egor","Edo","South-South",339899
183,94,805,964,88,22,94,24,56,94,60,19,94,21,336,94,358,485,94,516,"Ehime-Mbano","Imo","Southeast",130931
184,133,1190,1198,101,27,133,21,69,133,52,57,133,43,953,133,717,722,133,543,"Ejigbo","Osun","Southwest",132641
185,65,405,631,56,4,65,7,5,65,8,5,65,8,198,65,305,317,65,488,"Ekeremor","Bayelsa","South-South",270257
186,52,909,1154,49,25,52,49,45,52,87,24,52,47,638,52,1227,567,52,1091,"Eket","Akwa Ibom","South-South",172557
187,58,454,548,40,22,58,38,17,58,30,11,58,19,414,58,714,322,58,556,"Ekiti","Kwara","North-Central",54850
188,90,1090,1161,86,10,90,12,44,90,49,14,90,16,0,90,0,809,90,899,"Ekiti East","Ekiti","Southwest",137955
189,87,815,1200,77,11,87,13,35,87,41,19,87,22,393,87,452,817,87,940,"Ekiti South-West","Ekiti","Southwest",165277
190,102,1061,1489,83,17,102,17,50,102,50,36,102,36,749,102,735,1023,102,1003,"Ekiti West","Ekiti","Southwest",179892
191,87,1046,1116,81,33,87,38,72,87,83,54,87,63,332,87,382,504,87,580,"Ekwusigo","Anambra","Southeast",158231
192,42,406,660,32,24,42,58,24,42,58,23,42,55,319,42,760,232,42,553,"Eleme","Rivers","South-South",190884
193,48,366,623,28,19,48,40,20,48,42,16,48,34,236,48,492,181,48,378,"Emuoha","Rivers","South-South",201901
194,59,577,799,57,6,59,11,18,59,31,15,59,26,376,59,638,466,59,790,"Emure","Ekiti","Southwest",93884
195,81,4813,1396,79,8,81,10,25,81,31,33,81,41,293,81,362,804,81,993,"Enugu East","Enugu","Southeast",279089
196,110,19156,1980,98,27,110,25,72,110,66,81,110,74,7691,110,6992,801,110,729,"Enugu North","Enugu","Southeast",244852
197,76,984,1816,71,6,76,8,46,76,61,44,76,58,404,76,532,841,76,1107,"Enugu South","Enugu","Southeast",198723
198,106,960,1201,63,72,106,68,55,106,52,46,106,44,832,106,785,455,106,430,"Epe","Lagos","Southwest",181409
199,76,2781,859,61,11,76,15,45,76,60,20,76,27,2380,76,3132,572,76,753,"Esan Central","Edo","South-South",105310
200,68,735,932,55,12,68,18,41,68,61,29,68,43,384,68,565,576,68,848,"Esan North-East","Edo","South-South",119346
201,92,1074,947,92,3,92,4,38,92,42,9,92,10,0,92,0,637,92,693,"Esan South-East","Edo","South-South",167721
202,51,497,620,48,4,51,8,19,51,38,14,51,28,264,51,518,479,51,940,"Esan West","Edo","South-South",125842
203,91,1739,579,83,6,91,7,21,91,24,9,91,10,370,91,407,390,91,429,"Ese-Odo","Ondo","Southwest",154978
204,24,339,332,21,6,24,25,17,24,71,11,24,46,182,24,759,227,24,946,"Esit-Eket","Akwa Ibom","South-South",63701
205,66,1087,1078,65,12,66,19,51,66,78,14,66,22,562,66,852,649,66,984,"Essien Udim","Akwa Ibom","South-South",192668
206,92,655,675,88,13,92,15,39,92,43,12,92,14,224,92,244,378,92,411,"Etche","Rivers","South-South",249454
207,158,1628,2563,154,59,158,38,87,158,56,63,158,40,993,158,629,1106,158,700,"Ethiope East","Delta","South-South",200792
208,109,996,1411,100,21,109,20,52,109,48,22,109,21,13,109,12,826,109,758,"Ethiope West","Delta","South-South",203592
209,56,582,746,54,14,56,25,34,56,61,14,56,25,174,56,311,498,56,890,"Etim-Eko","Akwa Ibom","South-South",105418
210,35,425,427,31,12,35,35,22,35,63,10,35,29,289,35,826,265,35,758,"Etinan","Akwa Ibom","South-South",169284
211,43,548,703,40,20,43,47,40,43,94,34,43,80,0,43,0,292,43,680,"Eti-osa","Lagos","Southwest",287785
212,42,295,394,38,4,42,10,15,42,36,18,42,43,176,42,420,273,42,650,"Etsako-Central","Edo","South-South",94575
213,76,710,836,52,10,76,14,25,76,33,21,76,28,297,76,391,555,76,731,"Etsako East","Edo","South-South",145996
214,81,986,1241,80,13,81,17,33,81,41,22,81,28,0,81,0,716,81,884,"Etsako West","Edo","South-South",197609
215,39,441,645,36,13,39,34,14,39,36,6,39,16,252,39,647,379,39,972,"Etung","Cross River","South-South",80196
216,97,689,1031,87,26,97,27,52,97,54,54,97,56,318,97,328,684,97,706,"Ewekoro","Ogun","Southwest",55156
217,54,2395,275,54,2,54,4,12,54,23,19,54,36,45,54,84,210,54,389,"Ezeagu","Enugu","Southeast",169718
218,92,2929,1084,84,28,92,31,60,92,66,13,92,15,1314,92,1429,519,92,565,"Ezinihitte","Imo","Southeast",165593
219,89,5790,1253,81,42,89,48,21,89,24,15,89,17,269,89,303,692,89,778,"Ezza North","Ebonyi","Southeast",145619
220,122,1132,1380,101,69,122,57,45,122,37,22,122,19,362,122,297,976,122,800,"Ezza South","Ebonyi","Southeast",133205
221,14,228,310,11,10,14,72,10,14,72,7,14,50,116,14,829,175,14,1250,"Fagge","Kano","Northwest",198828
222,49,282,350,46,14,49,29,15,49,31,6,49,13,132,49,270,181,49,370,"Fakai","Kebbi","Northwest",121212
223,101,1715,832,87,20,101,20,51,101,51,7,101,7,464,101,460,428,101,424,"Faskari","Katsina","Northwest",196035
224,113,563,700,103,8,113,8,31,113,28,10,113,9,380,113,337,407,113,361,"Fika","Yobe","Northeast",136895
225,149,755,994,125,34,149,23,37,149,25,20,149,14,431,149,290,543,149,365,"Fufore","Adamawa","Northeast",207287
226,21,145,376,19,8,21,39,13,21,62,8,21,39,128,21,610,118,21,562,"Funakaye","Gombe","Northeast",236087
227,112,457,668,108,17,112,16,37,112,34,7,112,7,0,112,0,279,112,250,"Fune","Yobe","Northeast",300760
228,91,1017,1164,81,15,91,17,52,91,58,21,91,24,852,91,937,614,91,675,"Funtua","Katsina","Northwest",225571
229,89,672,931,89,12,89,14,22,89,25,19,89,22,0,89,0,287,89,323,"Gabasawa","Kano","Northwest",211055
230,99,350,319,84,3,99,4,8,99,9,3,99,4,236,99,239,134,99,136,"Gada","Sokoto","Northwest",248267
231,64,284,321,55,27,64,43,20,64,32,6,64,10,234,64,366,192,64,300,"Gagarawa","Jigawa","Northwest",80394
232,19,119,139,14,2,19,11,11,19,58,6,19,32,66,19,348,72,19,379,"Gamawa","Bauchi","Northeast",286388
233,138,667,975,136,43,138,32,38,138,28,5,138,4,0,138,0,447,138,324,"Ganjuwa","Bauchi","Northeast",280468
234,131,846,1314,113,10,131,8,43,131,33,11,131,9,426,131,326,659,131,504,"Ganaye","Adamawa","Northeast",164087
235,107,446,633,92,34,107,32,25,107,24,8,107,8,395,107,370,313,107,293,"Garki","Jigawa","Northwest",152233
236,119,534,823,112,15,119,13,41,119,35,18,119,16,366,119,308,309,119,260,"Garko","Kano","Northwest",162500
237,56,329,414,55,20,56,36,27,56,49,2,56,4,0,56,0,172,56,308,"Garun Mallam","Kano","Northwest",116494
238,17,71,69,17,7,17,42,3,17,18,0,17,0,39,17,230,44,17,259,"Gashaka","Taraba","Northeast",87781
239,20,113,210,15,2,20,10,6,20,30,0,20,0,97,20,485,99,20,495,"Gassol","Taraba","Northeast",244749
240,139,816,1035,126,40,139,29,45,139,33,22,139,16,389,139,280,310,139,224,"Gaya","Kano","Northwest",201016
241,120,784,1273,91,19,120,16,24,120,20,10,120,9,367,120,306,825,120,688,"Gayuk","Adamawa","Northeast",177785
242,176,1986,1543,162,36,176,21,71,176,41,50,176,29,664,176,378,656,176,373,"Gazewa","Kano","Northwest",282069
243,213,738,920,204,44,213,21,37,213,18,22,213,11,558,213,262,482,213,227,"Gbako","Niger","North-Central",127446
244,167,1544,1834,166,26,167,16,54,167,33,46,167,28,1048,167,628,1137,167,681,"Gboko","Benue","North-Central",358936
245,103,1110,1209,102,22,103,22,53,103,52,13,103,13,639,103,621,763,103,741,"Gbonyin","Ekiti","Southwest",148193
246,22,180,134,18,3,22,14,5,22,23,2,22,10,102,22,464,73,22,332,"Geidam","Yobe","Northeast",157295
247,92,422,548,75,32,92,35,55,92,60,4,92,5,168,92,183,319,92,347,"Giade","Bauchi","Northeast",156969
248,28,92,137,27,8,28,29,6,28,22,1,28,4,52,28,186,80,28,286,"Giwa","Kaduna","Northwest",286427
249,69,456,717,42,15,69,22,21,69,31,21,69,31,231,69,335,336,69,487,"Gokana","Rivers","South-South",228828
250,112,1347,3108,74,20,112,18,95,112,85,54,112,49,1053,112,941,1620,112,1447,"Gombe","Gombe","Northeast",268000
252,105,1425,452,95,35,105,34,15,105,15,8,105,8,283,105,270,148,105,141,"Goronyo","Sokoto","Northwest",182296
254,21,100,155,19,1,21,5,11,21,53,0,21,0,69,21,329,109,21,520,"Gubio","Borno","Northeast",152778
255,26,133,118,24,5,26,20,13,26,50,1,26,4,93,26,358,30,26,116,"Gudu","Sokoto","Northwest",95544
256,61,379,639,53,8,61,14,20,61,33,9,61,15,313,61,514,225,61,369,"Gujba","Yobe","Northeast",130088
257,57,1231,391,50,6,57,11,17,57,30,1,57,2,191,57,336,189,57,332,"Gulani","Yobe","Northeast",103510
258,145,3828,838,121,21,145,15,26,145,18,21,145,15,2507,145,1729,628,145,434,"Guma","Benue","North-Central",191599
259,44,302,501,39,32,44,73,26,44,60,9,44,21,265,44,603,362,44,823,"Gumel","Jigawa","Northwest",107161
260,10,43,84,9,1,10,10,4,10,40,1,10,10,37,10,370,20,10,200,"Gummi","Zamfara","Northwest",204539
261,98,555,954,86,20,98,21,25,98,26,18,98,19,408,98,417,501,98,512,"Gurara","Niger","North-Central",90974
262,74,381,373,66,52,74,71,37,74,50,4,74,6,0,74,0,154,74,209,"Guri","Jigawa","Northwest",115018
263,160,921,1771,143,23,160,15,65,160,41,20,160,13,772,160,483,1277,160,799,"Gusau","Zamfara","Northwest",383162
264,16,107,134,16,1,16,7,5,16,32,0,16,0,0,16,0,87,16,544,"Guzamala","Borno","Northeast",95648
265,88,1467,397,84,8,88,10,21,88,24,23,88,27,284,88,323,164,88,187,"Gwadabawa","Sokoto","Northwest",231358
266,82,1057,1996,69,35,82,43,46,82,57,28,82,35,835,82,1019,1256,82,1532,"Gwagwalada","FCT","North-Central",157770
267,86,987,1816,80,46,86,54,67,86,78,44,86,52,772,86,898,628,86,731,"Gwale","Kano","Northwest",362059
268,83,688,686,78,12,83,15,23,83,28,22,83,27,443,83,534,299,83,361,"Gwandu","Kebbi","Northwest",151019
269,83,510,702,62,45,83,55,35,83,43,20,83,25,335,83,404,313,83,378,"Gwaram","Jigawa","Northwest",272582
270,130,827,1045,117,16,130,13,47,130,37,23,130,18,2463,130,1895,509,130,392,"Gwarzo","Kano","Northwest",183987
271,144,1117,1377,121,11,144,8,48,144,34,14,144,10,397,144,276,958,144,666,"Gwer East","Benue","North-Central",163647
272,112,971,808,110,3,112,3,31,112,28,2,112,2,0,112,0,647,112,578,"Gwer West","Benue","North-Central",122145
273,55,249,315,45,16,55,30,21,55,39,2,55,4,203,55,370,121,55,220,"Gwiwa","Jigawa","Northwest",124517
275,42,1587,918,33,27,42,65,37,42,89,35,42,84,1457,42,3470,484,42,1153,"Hadejia","Jigawa","Northwest",105628
276,111,709,1202,101,7,111,7,27,111,25,22,111,20,465,111,419,900,111,811,"Hawul","Borno","Northeast",120314
277,138,938,2178,96,18,138,14,53,138,39,24,138,18,705,138,511,1617,138,1172,"Hong","Adamawa","Northeast",169126
278,112,2083,2078,71,20,112,18,72,112,65,64,112,58,608,112,543,1096,112,979,"Ibadan North","Oyo","Southwest",306795
279,119,992,2027,75,15,119,13,65,119,55,44,119,37,714,119,600,1271,119,1069,"Ibadan North East","Oyo","Southwest",330399
280,83,1634,1330,71,18,83,22,53,83,64,22,83,27,267,83,322,1000,83,1205,"Ibadan North West","Oyo","Southwest",152834
281,133,1365,2511,67,20,133,16,72,133,55,71,133,54,3969,133,2985,1302,133,979,"Ibadan South East","Oyo","Southwest",266046
282,120,1316,2135,83,41,120,35,92,120,77,63,120,53,1069,120,891,1433,120,1195,"Ibadan South West","Oyo","Southwest",282585
283,73,1498,435,64,1,73,2,9,73,13,0,73,0,308,73,422,309,73,424,"Ibaji","Kogi","North-Central",128129
284,101,817,1126,84,32,101,32,42,101,42,26,101,26,632,101,626,771,101,764,"Ibarapa Central","Oyo","Southwest",102979
285,89,1618,883,73,25,89,29,35,89,40,25,89,29,529,89,595,608,89,684,"Ibarapa East","Oyo","Southwest",118226
286,84,620,666,83,18,84,22,36,84,43,2,84,3,3,84,4,484,84,577,"Ibarapa North","Oyo","Southwest",101092
287,32,231,264,27,11,32,35,18,32,57,11,32,35,0,32,0,152,32,475,"Ibeju/lekki","Lagos","Southwest",117481
288,17,234,207,15,5,17,30,11,17,65,10,17,59,112,17,659,123,17,724,"Ibeno","Akwa Ibom","South-South",75380
289,18,218,275,16,9,18,50,14,18,78,2,18,12,170,18,945,186,18,1034,"Ibesikpo-Asutan","Akwa Ibom","South-South",137101
290,84,482,804,78,6,84,8,14,84,17,1,84,2,198,84,236,419,84,499,"Ibi","Taraba","Northeast",84054
291,16,84,157,8,5,16,32,10,16,63,2,16,13,68,16,425,125,16,782,"Ibiono-Ibom","Akwa Ibom","South-South",189640
292,107,839,1130,88,33,107,31,68,107,64,26,107,25,701,107,656,676,107,632,"Idah","Kogi","North-Central",79815
293,74,729,870,70,11,74,15,39,74,53,28,74,38,603,74,815,457,74,618,"Idanre","Ondo","Southwest",129024
294,76,638,543,70,5,76,7,42,76,56,15,76,20,149,76,197,261,76,344,"Ideato North","Imo","Southeast",158406
295,60,553,403,58,1,60,2,28,60,47,3,60,5,158,60,264,200,60,334,"Ideato South","Imo","Southeast",159879
296,64,1124,1041,63,22,64,35,34,64,54,22,64,35,147,64,230,588,64,919,"Idemili North","Anambra","Southeast",430783
297,93,4027,1214,83,25,93,27,66,93,71,40,93,44,295,93,318,477,93,513,"Idemili South","Anambra","Southeast",207683
298,68,3363,499,64,10,68,15,27,68,40,14,68,21,1260,68,1853,371,68,546,"Ido","Oyo","Southwest",103261
299,94,1142,1674,83,12,94,13,48,94,52,44,94,47,1019,94,1085,1067,94,1136,"Ido Osi","Ekiti","Southwest",159114
300,71,17831,2160,50,56,71,79,64,71,91,53,71,75,3930,71,5536,751,71,1058,"Ifako-Ijaye","Lagos","Southwest",427878
301,17,191,84,16,7,17,42,6,17,36,3,17,18,174,17,1024,55,17,324,"Ifedayo","Osun","Southwest",37058
302,80,1855,1089,70,21,80,27,41,80,52,25,80,32,1763,80,2204,650,80,813,"Ifedore","Ondo","Southwest",176327
303,230,1705,2327,222,74,230,33,50,230,22,50,230,22,0,230,0,1340,230,583,"Ifelodun","Kwara","North-Central",206042
304,59,702,884,41,9,59,16,14,59,24,28,59,48,342,59,580,494,59,838,"Ifelodun","Osun","Southwest",96748
305,119,846,2003,103,42,119,36,72,119,61,39,119,33,650,119,547,1176,119,989,"Ifo","Ogun","Southwest",524837
306,211,10971,1718,205,20,211,10,51,211,25,18,211,9,10623,211,5035,1089,211,517,"Igabi","Kaduna","Northwest",430229
307,100,557,669,77,1,100,1,26,100,26,2,100,2,368,100,368,505,100,505,"Igalamela-Odolu","Kogi","North-Central",148020
308,67,535,766,65,3,67,5,29,67,44,5,67,8,1,67,2,486,67,726,"Igbo Etiti","Enugu","Southeast",209248
309,169,1343,2123,158,18,169,11,66,169,40,25,169,15,325,169,193,1430,169,847,"Igbo Eze - North","Enugu","Southeast",259431
310,74,733,1137,72,12,74,17,30,74,41,17,74,23,187,74,253,734,74,992,"Igbo-Eze South","Enugu","Southeast",147328
311,46,422,466,31,4,46,9,19,46,42,11,46,24,170,46,370,413,46,898,"Iguegben","Edo","South-South",69639
312,133,3417,1233,128,27,133,21,92,133,70,41,133,31,402,133,303,645,133,485,"Ihiala","Anambra","Southeast",302158
313,68,592,692,65,16,68,24,47,68,70,19,68,28,290,68,427,357,68,525,"Ihitte/Uboma","Imo","Southeast",120744
314,70,1614,836,65,9,70,13,4,70,6,13,70,19,487,70,696,430,70,615,"ijaye","Ondo","Southwest",290615
315,89,862,1083,79,28,89,32,46,89,52,21,89,24,490,89,551,655,89,736,"Ijebu East","Ogun","Southwest",110196
316,115,1108,1584,99,22,115,20,51,115,45,32,115,28,881,115,767,995,115,866,"Ijebu North","Ogun","Southwest",284336
317,63,651,962,57,19,63,31,48,63,77,41,63,66,513,63,815,558,63,886,"Ijebu North East","Ogun","Southwest",67634
318,170,1909,3265,144,122,170,72,128,170,76,104,170,62,1138,170,670,1780,170,1048,"Ijebu-ode","Ogun","Southwest",154032
319,83,791,872,82,5,83,7,36,83,44,21,83,26,0,83,0,663,83,799,"Ijero","Ekiti","Southwest",221405
320,157,1264,2035,118,16,157,11,61,157,39,49,157,32,1072,157,683,1033,157,658,"Ijumu","Kogi","North-Central",119929
321,43,456,617,37,8,43,19,38,43,89,1,43,3,18,43,42,418,43,973,"Ika","Akwa Ibom","South-South",72939
322,109,1387,2373,105,22,109,21,76,109,70,33,109,31,650,109,597,1357,109,1245,"Ika North","Delta","South-South",183657
323,131,802,1051,131,35,131,27,54,131,42,4,131,4,0,131,0,388,131,297,"Ikara","Kaduna","Northwest",193926
324,93,2220,1725,90,69,93,75,79,93,85,21,93,23,695,93,748,931,93,1002,"Ika South","Delta","South-South",162594
325,102,4940,1261,99,38,102,38,47,102,47,33,102,33,311,102,305,577,102,566,"Ikeduru","Imo","Southeast",149316
326,86,1307,1558,77,60,86,70,75,86,88,72,86,84,0,86,0,568,86,661,"Ikeja","Lagos","Southwest",313196
327,53,786,973,52,23,53,44,45,53,85,19,53,36,0,53,0,549,53,1036,"Ikenne","Ogun","Southwest",118735
328,87,1096,1819,84,19,87,22,45,87,52,29,87,34,857,87,986,1062,87,1221,"Ikere","Ekiti","Southwest",147355
329,102,1208,1185,101,10,102,10,50,102,50,13,102,13,0,102,0,885,102,868,"Ikole","Ekiti","Southwest",168436
330,109,3058,1539,101,26,109,24,45,109,42,36,109,34,2714,109,2490,853,109,783,"Ikom","Cross River","South-South",162383
331,83,982,1111,79,11,83,14,69,83,84,19,83,23,473,83,570,673,83,811,"Ikono","Akwa Ibom","South-South",131904
332,68,803,1191,45,38,68,56,50,68,74,33,68,49,675,68,993,481,68,708,"Ikorodu","Lagos","Southwest",535619
333,50,627,479,47,17,50,34,35,50,70,14,50,28,196,50,392,320,50,640,"Ikot-Abasi","Akwa Ibom","South-South",132023
334,55,2076,1545,49,37,55,68,36,55,66,26,55,48,506,55,920,821,55,1493,"Ikot-Ekpene","Akwa Ibom","South-South",143077
335,32,387,656,26,17,32,54,19,32,60,9,32,29,320,32,1000,384,32,1200,"Ikpoba-Okha","Edo","South-South",371106
336,69,3644,962,58,43,69,63,42,69,61,38,69,56,2496,69,3618,413,69,599,"Ikwerre","Rivers","South-South",189726
337,64,951,834,61,18,64,29,27,64,43,2,64,4,6,64,10,490,64,766,"Ikwo","Ebonyi","Southeast",214604
338,85,734,908,77,26,85,31,47,85,56,9,85,11,0,85,0,497,85,585,"Ikwuano","Abia","Southeast",137993
339,34,454,305,31,3,34,9,9,34,27,4,34,12,206,34,606,146,34,430,"Ila","Osun","Southwest",62049
340,33,324,381,27,5,33,16,21,33,64,14,33,43,206,33,625,266,33,807,"Ilejemeje","Ekiti","Southwest",43530
341,116,1217,1260,99,13,116,12,69,116,60,38,116,33,0,116,0,800,116,690,"Ile Oluji Okeigbo","Ondo","Southwest",172870
342,103,1184,1369,74,26,103,26,75,103,73,49,103,48,910,103,884,645,103,627,"Ilesha-East","Osun","Southwest",106586
343,76,924,1310,52,17,76,23,64,76,85,28,76,37,779,76,1025,724,76,953,"Ilesha-West","Osun","Southwest",103555
344,91,575,304,91,12,91,14,11,91,13,6,91,7,0,91,0,54,91,60,"Illela","Sokoto","Northwest",150489
345,118,943,2048,87,36,118,31,38,118,33,57,118,49,519,118,440,1085,118,920,"Ilorin East","Kwara","North-Central",204310
346,101,954,2426,74,38,101,38,54,101,54,54,101,54,763,101,756,1379,101,1366,"Ilorin South","Kwara","North-Central",208691
347,118,1485,3459,97,36,118,31,90,118,77,91,118,78,847,118,718,1844,118,1563,"Ilorin west","Kwara","North-Central",364666
348,101,716,1132,91,9,101,9,26,101,26,20,101,20,496,101,492,824,101,816,"Imeko Afon","Ogun","Southwest",82217
349,67,479,478,60,21,67,32,41,67,62,10,67,15,318,67,475,166,67,248,"Ingawa","Katsina","Northwest",169753
350,64,611,601,61,2,64,4,38,64,60,10,64,16,83,64,130,413,64,646,"Ini","Akwa Ibom","South-South",99196
351,141,1142,1479,123,32,141,23,57,141,41,49,141,35,987,141,700,972,141,690,"Ipokia","Ogun","Southwest",150426
352,97,925,847,95,28,97,29,39,97,41,10,97,11,680,97,702,537,97,554,"Irele","Ondo","Southwest",145166
353,94,1605,926,85,18,94,20,36,94,39,12,94,13,4401,94,4682,487,94,519,"Irepo","Oyo","Southwest",122553
354,52,946,583,39,15,52,29,36,52,70,14,52,27,467,52,899,382,52,735,"Irepodun","Osun","Southwest",119497
355,155,1360,2146,126,39,155,26,46,155,30,49,155,32,1081,155,698,1107,155,715,"Irepodun","Kwara","North-Central",148610
356,88,913,1696,83,19,88,22,37,88,43,34,88,39,300,88,341,1031,88,1172,"Irepodun/Ifelodun","Ekiti","Southwest",129149
357,65,566,641,54,6,65,10,23,65,36,28,65,44,502,65,773,422,65,650,"Irewole","Osun","Southwest",143599
358,102,490,1083,94,54,102,53,21,102,21,9,102,9,271,102,266,212,102,208,"Isa","Sokoto","Northwest",146103
359,81,835,1089,68,16,81,20,37,81,46,19,81,24,781,81,965,686,81,847,"Ise/Orun","Ekiti","Southwest",113754
360,191,1359,1735,148,38,191,20,58,191,31,70,191,37,679,191,356,1130,191,592,"Iseyin","Oyo","Southwest",256926
361,116,1942,1281,110,25,116,22,19,116,17,33,116,29,1213,116,1046,770,116,664,"Ishielu","Ebonyi","Southeast",151048
362,106,2092,1272,103,39,106,37,64,106,61,38,106,36,366,106,346,577,106,545,"Isiala Mbano","Imo","Southeast",198736
363,58,677,658,50,15,58,26,41,58,71,16,58,28,362,58,625,388,58,669,"Isiala Ngwa North","Abia","Southeast",153734
364,99,916,1385,94,23,99,24,57,99,58,36,99,37,309,99,313,844,99,853,"Isiala Ngwa South","Abia","Southeast",134762
365,84,585,744,52,29,84,35,39,84,47,42,84,50,463,84,552,417,84,497,"Isin","Kwara","North-Central",59738
366,27,256,252,26,0,27,0,10,27,38,5,27,19,0,27,0,151,27,560,"Isi-Uzo","Enugu","Southeast",148415
367,96,790,734,78,4,96,5,36,96,38,15,96,16,646,96,673,450,96,469,"Isokan","Osun","Southwest",103177
368,79,873,1239,73,33,79,42,41,79,52,35,79,45,534,79,676,660,79,836,"Isoko north","Delta","South-South",144155
369,126,2374,2248,123,44,126,35,67,126,54,76,126,61,1024,126,813,1229,126,976,"Isoko South","Delta","South-South",227712
370,38,548,429,34,5,38,14,20,38,53,15,38,40,84,38,222,219,38,577,"Isu","Imo","Southeast",164468
371,83,2794,1197,69,13,83,16,58,83,70,26,83,32,467,83,563,600,83,723,"Isuikwuato","Abia","Southeast",114442
372,71,307,325,71,23,71,33,22,71,31,0,71,0,0,71,0,149,71,210,"Itas/Gadau","Bauchi","Northeast",229969
373,85,2474,541,79,14,85,17,17,85,20,12,85,15,378,85,445,392,85,462,"Itesiwaju","Oyo","Southwest",128652
374,13,174,314,10,2,13,16,9,13,70,9,13,70,119,13,916,160,13,1231,"Itu","Akwa Ibom","South-South",127033
375,77,2761,836,68,10,77,13,41,77,54,15,77,20,137,77,178,537,77,698,"Ivo","Ebonyi","Southeast",120919
376,71,608,734,64,11,71,16,15,71,22,9,71,13,396,71,558,519,71,731,"Iwajowa","Oyo","Southwest",102980
377,162,2682,1995,127,23,162,15,74,162,46,71,162,44,1307,162,807,1207,162,746,"Iwo","Osun","Southwest",191377
378,94,1028,968,90,50,94,54,30,94,32,4,94,5,0,94,0,613,94,653,"Izzi","Ebonyi","Southeast",234072
379,117,806,1370,110,38,117,33,55,117,48,28,117,24,432,117,370,815,117,697,"Jaba","Kaduna","Northwest",155377
380,157,2036,1251,140,23,157,15,68,157,44,9,157,6,1701,157,1084,644,157,411,"Jada","Adamawa","Northeast",168473
381,67,369,422,54,30,67,45,14,67,21,7,67,11,322,67,481,165,67,247,"Jahun","Jigawa","Northwest",229094
382,80,292,452,74,25,80,32,14,80,18,1,80,2,219,80,274,251,80,314,"Jakusko","Yobe","Northeast",229083
383,172,1831,3424,146,24,172,14,106,172,62,67,172,39,1538,172,895,2062,172,1199,"Jalingo","Taraba","Northeast",139845
384,65,4373,507,58,32,65,50,37,65,57,4,65,7,281,65,433,364,65,560,"Jama'are","Bauchi","Northeast",117883
385,76,631,910,70,22,76,29,43,76,57,19,76,25,537,76,707,277,76,365,"Jega","Kebbi","Northwest",193352
386,191,3227,1916,175,34,191,18,54,191,29,37,191,20,659,191,346,1270,191,665,"Jema'a","Kaduna","Northwest",278735
387,43,2513,1616,36,7,43,17,29,43,68,12,43,28,2407,43,5598,777,43,1807,"Jere","Borno","Northeast",211204
388,92,577,827,86,16,92,18,59,92,65,7,92,8,451,92,491,331,92,360,"Jibia","Katsina","Northwest",169748
389,71,507,801,70,13,71,19,15,71,22,1,71,2,261,71,368,617,71,870,"Jos East","Plateau","North-Central",85602
390,105,1308,2599,89,16,105,16,72,105,69,55,105,53,767,105,731,1158,105,1103,"Jos North","Plateau","North-Central",429300
391,150,2212,2023,143,23,150,16,49,150,33,47,150,32,773,150,516,1101,150,734,"Jos South","Plateau","North-Central",306716
392,105,1096,1419,100,24,105,23,54,105,52,41,105,40,0,105,0,926,105,882,"Kabba/Bunu","Kogi","North-Central",145446
393,132,679,1080,126,51,132,39,30,132,23,13,132,10,497,132,377,302,132,229,"Kabo","Kano","Northwest",153828
394,293,1838,1947,293,48,293,17,57,293,20,14,293,5,0,293,0,1101,293,376,"Kachia","Kaduna","Northwest",244274
395,71,1224,3156,59,37,71,53,58,71,82,36,71,51,870,71,1226,1941,71,2734,"Kaduna North","Kaduna","Northwest",357694
396,114,2716,3742,103,37,114,33,103,114,91,80,114,71,2600,114,2281,2104,114,1846,"kaduna South","Kaduna","Northwest",402390
397,57,1284,359,51,39,57,69,4,57,8,5,57,9,232,57,408,218,57,383,"Kafin-Hausa","Jigawa","Northwest",271058
398,80,3601,720,71,17,80,22,43,80,54,10,80,13,379,80,474,212,80,265,"Kafur","Katsina","Northwest",202884
399,33,168,316,32,6,33,19,20,33,61,1,33,4,92,33,279,129,33,391,"Kaga","Borno","Northeast",90015
400,197,2172,1252,180,18,197,10,69,197,36,13,197,7,545,197,277,706,197,359,"Kagarko","Kaduna","Northwest",240943
401,100,650,851,98,47,100,47,19,100,19,4,100,4,0,100,0,514,100,514,"Kaiama","Kwara","North-Central",124164
402,73,366,435,73,14,73,20,59,73,81,2,73,3,0,73,0,162,73,222,"Kaita","Katsina","Northwest",184401
403,77,824,869,64,6,77,8,32,77,42,20,77,26,621,77,807,594,77,772,"Kajola","Oyo","Southwest",200997
404,56,357,409,55,21,56,38,7,56,13,9,56,17,178,56,318,196,56,350,"Kajuru","Kaduna","Northwest",110868
405,24,95,206,24,11,24,46,8,24,34,0,24,0,0,24,0,76,24,317,"Kala/Balge","Borno","Northeast",60797
406,39,249,279,36,16,39,42,14,39,36,10,39,26,138,39,354,126,39,324,"Kalgo","Kebbi","Northwest",85403
407,15,88,286,12,9,15,60,9,15,60,1,15,7,4,15,27,162,15,1080,"Kaltungo","Gombe","Northeast",149805
408,159,826,1413,154,5,159,4,10,159,7,6,159,4,478,159,301,859,159,541,"Kanam","Plateau","North-Central",165898
409,98,3448,622,94,8,98,9,44,98,45,5,98,6,4317,98,4406,220,98,225,"Kankara","Katsina","Northwest",245739
410,125,907,855,119,50,125,40,27,125,22,4,125,4,0,125,0,700,125,560,"Kanke","Plateau","North-Central",121424
411,77,636,821,71,20,77,26,62,77,81,8,77,11,511,77,664,451,77,586,"Kankia","Katsina","Northwest",151434
412,20,1154,291,14,6,20,30,10,20,50,6,20,30,119,20,595,212,20,1060,"Kano-Municipal","Kano","Northwest",365525
413,47,236,288,46,12,47,26,13,47,28,0,47,0,0,47,0,88,47,188,"Karasuwa","Yobe","Northeast",106992
414,152,658,793,141,29,152,20,50,152,33,33,152,22,406,152,268,255,152,168,"Karaye","Kano","Northwest",141407
415,182,1333,1731,181,16,182,9,43,182,24,0,182,0,0,182,0,1101,182,605,"Karin Lamido","Taraba","Northeast",195844
416,216,2641,2071,175,47,216,22,83,216,39,51,216,24,3212,216,1488,1218,216,564,"Karu","Nasarawa","North-Central",205477
418,186,804,1641,172,27,186,15,24,186,13,21,186,12,509,186,274,635,186,342,"Katcha","Niger","North-Central",122176
419,95,7412,2237,88,36,95,38,80,95,85,54,95,57,5226,95,5502,1250,95,1316,"Katsina","Katsina","Northwest",318459
420,161,1145,1763,137,26,161,17,59,161,37,32,161,20,845,161,525,1272,161,791,"Katsina-Ala","Benue","North-Central",224718
421,50,1383,742,39,13,50,26,19,50,38,5,50,10,163,50,326,454,50,908,"Kaura","Kaduna","Northwest",222579
422,110,1651,943,102,37,110,34,34,110,31,9,110,9,1471,110,1338,497,110,452,"Kaura Namoda","Zamfara","Northwest",281367
423,94,1437,513,86,7,94,8,4,94,5,11,94,12,266,94,283,267,94,285,"Kauru","Kaduna","Northwest",17008
424,59,529,832,46,34,59,58,51,59,87,14,59,24,423,59,717,318,59,539,"Kazaure","Jigawa","Northwest",161494
425,75,447,688,68,4,75,6,16,75,22,9,75,12,272,75,363,411,75,548,"Keana","Nasarawa","North-Central",79253
426,67,4338,280,66,6,67,9,5,67,8,4,67,6,215,67,321,104,67,156,"Kebbe","Sokoto","Northwest",124658
427,84,993,1332,75,11,84,14,63,84,75,43,84,52,842,84,1003,685,84,816,"Keffi","Nasarawa","North-Central",92664
428,118,1145,1192,117,29,118,25,32,118,28,5,118,5,0,118,0,490,118,416,"Khana","Rivers","South-South",294217
429,111,1572,711,105,42,111,38,52,111,47,9,111,9,1466,111,1321,195,111,176,"Kibiya","Kano","Northwest",136736
430,87,406,400,87,14,87,17,25,87,29,7,87,9,0,87,0,186,87,214,"Kirfi","Bauchi","Northeast",147618
431,64,285,487,50,49,64,77,33,64,52,7,64,11,193,64,302,200,64,313,"Kiri-Kasama","Jigawa","Northwest",191523
432,149,791,837,138,22,149,15,73,149,49,28,149,19,483,149,325,337,149,227,"Kiru","Kano","Northwest",264781
433,52,312,327,39,31,52,60,17,52,33,11,52,22,255,52,491,129,52,249,"kiyawa","Jigawa","Northwest",172913
434,115,537,898,93,7,115,7,22,115,20,19,115,17,358,115,312,554,115,482,"Kogi","Kogi","North-Central",115900
435,5,32,27,5,0,5,0,0,5,0,0,5,0,12,5,240,10,5,200,"Koko/Besse","Kebbi","Northwest",154605
436,117,756,1205,93,11,117,10,34,117,30,8,117,7,457,117,391,742,117,635,"Kokona","Nasarawa","North-Central",109749
437,48,10261,576,36,7,48,15,20,48,42,20,48,42,3074,48,6405,287,48,598,"Kolokuma","Bayelsa","South-South",77292
438,59,359,665,57,14,59,24,10,59,17,0,59,0,276,59,468,397,59,673,"Konduga","Borno","Northeast",156564
439,200,2341,1412,188,43,200,22,73,200,37,8,200,4,369,200,185,968,200,484,"Konshisha","Benue","North-Central",225672
440,44,389,884,39,15,44,35,20,44,46,17,44,39,115,44,262,571,44,1298,"Kontagora","Niger","North-Central",151944
441,220,14090,4362,192,168,220,77,206,220,94,191,220,87,8784,220,3993,2095,220,953,"Kosofe","Lagos","Southwest",665393
442,31,147,167,26,22,31,71,9,31,30,0,31,0,141,31,455,82,31,265,"Kuagama","Jigawa","Northwest",127956
443,19,80,111,15,2,19,11,2,19,11,0,19,0,64,19,337,28,19,148,"Kubau","Kaduna","Northwest",282045
444,49,259,502,45,22,49,45,24,49,49,12,49,25,138,49,282,316,49,645,"Kudan","Kaduna","Northwest",138992
445,46,377,538,45,0,46,0,33,46,72,3,46,7,0,46,0,0,46,0,"Kuje","FCT","North-Central",97367
446,42,287,464,34,11,42,27,16,42,39,3,42,8,238,42,567,182,42,434,"Kukawa","Borno","Northeast",203864
447,119,2008,1788,111,40,119,34,86,119,73,55,119,47,742,119,624,883,119,743,"Kumbotso","Kano","Northwest",295979
448,91,514,730,78,11,91,13,8,91,9,5,91,6,319,91,351,370,91,407,"Kurmi","Taraba","Northeast",91531
449,108,450,655,103,20,108,19,28,108,26,1,108,1,333,108,309,129,108,120,"Kunchi","Kano","Northwest",111018
450,79,2655,871,74,21,79,27,46,79,59,25,79,32,497,79,630,403,79,511,"Kura","Kano","Northwest",144601
451,81,1526,543,72,30,81,38,65,81,81,8,81,10,353,81,436,354,81,438,"Kurfi","Katsina","Northwest",11781
452,32,3200,162,29,8,32,25,17,32,54,7,32,22,5159,32,16122,62,32,194,"Kusada","Katsina","Northwest",99267
453,86,1648,1175,73,22,86,26,37,86,44,7,86,9,468,86,545,909,86,1057,"Kwali","FCT","North-Central",85837
454,265,2080,2735,231,17,265,7,58,265,22,12,265,5,846,265,320,2076,265,784,"Kwande","Benue","North-Central",248697
455,105,1481,1005,94,9,105,9,41,105,40,16,105,16,1410,105,1343,459,105,438,"Kwami","Gombe","Northeast",195298
456,77,362,615,71,16,77,21,14,77,19,6,77,8,207,77,269,202,77,263,"Kware","Sokoto","Northwest",133899
457,4,23,35,4,2,4,50,1,4,25,2,4,50,9,4,225,21,4,525,"Kwaya-Kusar","Borno","Northeast",56500
458,224,2398,2848,157,47,224,21,60,224,27,32,224,15,1123,224,502,1321,224,590,"Lafia","Nasarawa","North-Central",330712
459,71,577,1031,69,5,71,8,23,71,33,13,71,19,0,71,0,785,71,1106,"Lagelu","Oyo","Southwest",147957
460,115,1379,1611,71,65,115,57,104,115,91,94,115,82,1240,115,1079,769,115,669,"Lagos Island","Lagos","Southwest",209437
461,150,1678,1913,91,79,150,53,125,150,84,92,150,62,1356,150,904,767,150,512,"Lagos Mainland","Lagos","Southwest",317720
462,101,739,947,91,1,101,1,15,101,15,4,101,4,284,101,282,626,101,620,"Langtang South","Plateau","North-Central",106305
463,91,749,976,85,14,91,16,30,91,33,3,91,4,387,91,426,769,91,846,"Langtang North","Plateau","North-Central",140643
464,161,700,785,150,29,161,19,15,161,10,3,161,2,465,161,289,519,161,323,"Lapai","Niger","North-Central",110127
465,37,187,213,37,3,37,9,7,37,19,1,37,3,0,37,0,123,37,333,"Larmurde","Adamawa","Northeast",112803
466,119,1584,1349,109,19,119,16,26,119,22,0,119,0,346,119,291,884,119,743,"Lau","Taraba","Northeast",96590
467,229,1018,1902,226,45,229,20,42,229,19,16,229,7,0,229,0,817,229,357,"Lavun","Niger","North-Central",209917
468,114,740,829,114,48,114,43,18,114,16,5,114,5,0,114,0,387,114,340,"Lere","Kaduna","Northwest",331161
469,77,657,552,77,8,77,11,26,77,34,7,77,10,0,77,0,356,77,463,"Logo","Benue","North-Central",169063
470,111,1680,1438,91,28,111,26,47,111,43,45,111,41,513,111,463,881,111,794,"Lokoja","Kogi","North-Central",195261
471,31,165,283,28,6,31,20,12,31,39,1,31,4,79,31,255,66,31,213,"Machina","Yobe","Northeast",61606
472,101,671,1156,82,16,101,16,27,101,27,4,101,4,455,101,451,812,101,804,"Madgali","Adamawa","Northeast",134827
473,145,645,865,135,51,145,36,61,145,43,40,145,28,458,145,316,406,145,280,"Madobi","Kano","Northwest",136623
474,40,179,303,39,9,40,23,9,40,23,0,40,0,26,40,65,156,40,390,"Mafa","Borno","Northeast",103518
475,79,420,552,73,18,79,23,32,79,41,6,79,8,325,79,412,246,79,312,"Magama","Niger","North-Central",181653
476,18,128,235,16,2,18,12,3,18,17,2,18,12,61,18,339,116,18,645,"Magumeri","Borno","Northeast",140231
477,73,3430,795,65,18,73,25,55,73,76,9,73,13,2346,73,3214,231,73,317,"Mai'Adua","Katsina","Northwest",21178
478,45,890,2067,39,17,45,38,40,45,89,27,45,60,1786,45,3969,991,45,2203,"Maiduguri","Borno","Northeast",521492
479,79,457,425,70,35,79,45,21,79,27,11,79,14,431,79,546,272,79,345,"Maigatari","Jigawa","Northwest",179715
480,92,664,732,78,14,92,16,40,92,44,4,92,5,453,92,493,409,92,445,"Maiha","Adamawa","Northeast",111215
481,68,3360,566,65,16,68,24,26,68,39,16,68,24,2242,68,3298,169,68,249,"Maiyama","Kebbi","Northwest",175686
482,143,708,1467,132,34,143,24,61,143,43,11,143,8,482,143,338,580,143,406,"Makarfi","Kaduna","Northwest",146259
483,71,426,551,65,22,71,31,34,71,48,8,71,12,309,71,436,185,71,261,"Makoda","Kano","Northwest",222399
484,88,536,1051,75,65,88,74,33,88,38,20,88,23,494,88,562,367,88,418,"Malam-Maduri","Jigawa","Northwest",161413
485,83,3719,914,73,19,83,23,56,83,68,26,83,32,578,83,697,587,83,708,"Malumfashi","Katsina","Northwest",182920
486,257,1922,2862,235,36,257,15,46,257,18,20,257,8,1239,257,483,2025,257,788,"Mangu","Plateau","North-Central",294931
487,87,630,731,72,25,87,29,73,87,84,18,87,21,454,87,522,389,87,448,"Mani","Katsina","Northwest",176966
488,59,2284,535,55,9,59,16,16,59,28,10,59,17,192,59,326,185,59,314,"Maradun","Zamfara","Northwest",210852
489,39,167,158,37,13,39,34,13,39,34,2,39,6,103,39,265,71,39,183,"Mariga","Niger","North-Central",199430
490,126,1169,2268,96,12,126,10,52,126,42,47,126,38,585,126,465,1266,126,1005,"Makurdi","Benue","North-Central",297398
491,14,69,231,13,4,14,29,4,14,29,1,14,8,40,14,286,94,14,672,"Marte","Borno","Northeast",229370
492,113,572,701,112,30,113,27,30,113,27,10,113,9,0,113,0,263,113,233,"Maru","Zamfara","Northwest",291900
493,109,452,493,91,3,109,3,13,109,12,4,109,4,300,109,276,251,109,231,"Mashegu","Niger","North-Central",215022
494,76,535,612,72,15,76,20,47,76,62,12,76,16,0,76,0,207,76,273,"Mashi","Katsina","Northwest",173134
495,60,425,574,57,26,60,44,55,60,92,9,60,15,359,60,599,329,60,549,"Matazu","Katsina","Northwest",115325
496,162,1004,1833,140,22,162,14,38,162,24,5,162,4,674,162,417,941,162,581,"Mayo-Belwa","Adamawa","Northeast",153129
497,128,1345,1543,118,38,128,30,68,128,54,35,128,28,328,128,257,702,128,549,"Mbaitoli","Imo","Southeast",237555
498,58,618,695,57,12,58,21,28,58,49,8,58,14,0,58,0,331,58,571,"Mbo","Akwa Ibom","South-South",104012
499,75,661,875,75,25,75,34,26,75,35,5,75,7,0,75,0,580,75,774,"Michika","Adamawa","Northeast",155302
500,61,251,311,59,0,61,0,16,61,27,1,61,2,0,61,0,0,61,0,"Miga","Jigawa","Northwest",128424
501,80,518,623,80,29,80,37,13,80,17,1,80,2,0,80,0,341,80,427,"Mikang","Plateau","North-Central",97411
502,147,859,1066,134,40,147,28,103,147,71,39,147,27,477,147,325,451,147,307,"Minjibir","Kano","Northwest",213794
503,122,1624,1011,99,30,122,25,44,122,37,17,122,14,416,122,341,734,122,602,"Misau","Bauchi","Northeast",263487
504,69,767,1041,55,6,69,9,32,69,47,30,69,44,527,69,764,631,69,915,"Moba","Ekiti","Southwest",146496
505,16,108,169,14,6,16,38,8,16,50,6,16,38,83,16,519,68,16,425,"Mobbar","Borno","Northeast",116654
506,72,531,1017,58,8,72,12,24,72,34,8,72,12,352,72,489,573,72,796,"Mubi North","Adamawa","Northeast",151072
507,94,1629,981,75,7,94,8,36,94,39,5,94,6,1408,94,1498,572,94,609,"Mubi South","Adamawa","Northeast",128937
508,185,1905,1509,173,21,185,12,36,185,20,37,185,20,747,185,404,753,185,408,"Mokwa","Niger","North-Central",244937
510,50,458,727,36,20,50,40,31,50,62,18,50,36,301,50,602,513,50,1026,"Mopa Muro","Kogi","North-Central",44037
511,196,914,1787,153,67,196,35,22,196,12,45,196,23,768,196,392,1060,196,541,"Moro","Kwara","North-Central",108792
512,124,680,702,124,38,124,31,18,124,15,4,124,4,0,124,0,236,124,191,"Moya","Niger","North-Central",103651
513,72,732,675,66,9,72,13,50,72,70,6,72,9,202,72,281,460,72,639,"Mpkat-Enin","Akwa Ibom","South-South",178036
514,131,1949,3609,92,42,131,33,101,131,78,86,131,66,1582,131,1208,1776,131,1356,"Municipal-Area-Council","FCT","North-Central",778567
515,85,785,635,79,24,85,29,65,85,77,9,85,11,0,85,0,363,85,428,"Musawa","Katsina","Northwest",171714
516,139,6761,2612,109,86,139,62,120,139,87,100,139,72,7324,139,5270,1048,139,754,"Mushin","Lagos","Southwest",633009
517,90,453,798,76,8,90,9,26,90,29,3,90,4,317,90,353,271,90,302,"Nafada","Gombe","Northeast",138185
518,81,367,477,75,10,81,13,18,81,23,12,81,15,287,81,355,222,81,275,"Nangere","Yobe","Northeast",87823
519,118,2710,3161,102,36,118,31,97,118,83,92,118,78,1452,118,1231,1227,118,1040,"Nassarawa","Kano","Northwest",596669
520,166,1221,2502,128,24,166,15,43,166,26,18,166,11,808,166,487,1137,166,685,"Nasarawa","Nasarawa","North-Central",596669
521,78,1546,1031,67,6,78,8,6,78,8,5,78,7,460,78,590,668,78,857,"Nasarawa-Eggon","Nasarawa","North-Central",149129
522,76,647,1079,74,12,76,16,19,76,25,25,76,33,368,76,485,563,76,741,"Ndokwa-East","Delta","South-South",103171
523,121,5209,1658,113,38,121,32,56,121,47,41,121,34,5685,121,4699,1054,121,872,"Ndokwa-West","Delta","South-South",149325
524,59,341,352,55,3,59,6,9,59,16,0,59,0,106,59,180,221,59,375,"Nembe","Bayelsa","South-South",130931
525,7,22,32,7,2,7,29,1,7,15,0,7,0,10,7,143,17,7,243,"Ngala","Borno","Northeast",237071
526,20,123,416,19,7,20,35,5,20,25,0,20,0,82,20,410,71,20,355,"Nganzai","Borno","Northeast",99799
527,67,9277,342,63,13,67,20,20,67,30,5,67,8,7216,67,10771,134,67,200,"Ngaski","Kebbi","Northwest",124766
528,72,716,613,72,26,72,37,35,72,49,3,72,5,0,72,0,333,72,463,"Ngor-Okpala","Imo","Southeast",159932
529,60,408,793,51,23,60,39,34,60,57,20,60,34,194,60,324,340,60,567,"Nguru","Yobe","Northeast",150632
530,124,705,1330,100,33,124,27,35,124,29,12,124,10,421,124,340,557,124,450,"Ningi","Bauchi","Northeast",387192
531,56,4546,512,52,9,56,17,40,56,72,28,56,50,4258,56,7604,272,56,486,"Njaba","Imo","Southeast",145110
532,55,2661,895,50,23,55,42,37,55,68,22,55,40,329,55,599,399,55,726,"Njikoka","Anambra","Southeast",148465
533,45,303,459,42,2,45,5,7,45,16,12,45,27,51,45,114,352,45,783,"Nkanu East","Enugu","Southeast",148774
534,71,2614,841,64,9,71,13,35,71,50,35,71,50,326,71,460,446,71,629,"Nkanu West","Enugu","Southeast",146695
535,19,197,316,16,5,19,27,16,19,85,10,19,53,24,19,127,64,19,337,"Nkwerre","Imo","Southeast",80152
536,59,1818,919,58,24,59,41,47,59,80,29,59,50,334,59,567,454,59,770,"Nnewi North","Anambra","Southeast",157569
537,60,1538,500,59,16,60,27,38,60,64,23,60,39,249,60,415,267,60,445,"Nnewi South","Anambra","Southeast",233658
538,11,140,116,10,1,11,10,7,11,64,4,11,37,53,11,482,47,11,428,"Nsit-Atai","Akwa Ibom","South-South",74595
539,58,681,778,54,18,58,32,48,58,83,23,58,40,231,58,399,526,58,907,"Nsit-Ibom","Akwa Ibom","South-South",108611
540,71,889,684,70,17,71,24,42,71,60,20,71,29,0,71,0,445,71,627,"Nsit-Ubuim","Akwa Ibom","South-South",128231
541,127,1756,1204,74,8,127,7,33,127,26,11,127,9,535,127,422,679,127,535,"Nsukka","Enugu","Southeast",309633
542,50,13461,827,43,2,50,4,13,50,26,10,50,20,13292,50,26584,307,50,614,"Numan","Adamawa","Northeast",90723
543,26,283,245,25,0,26,0,18,26,70,4,26,16,0,26,0,0,26,0,"Nwangele","Imo","Southeast",128472
544,169,1940,1291,156,35,169,21,41,169,25,26,169,16,610,169,361,880,169,521,"Obafemi-Owode","Ogun","Southwest",228851
545,58,465,871,55,8,58,14,28,58,49,9,58,16,98,58,169,507,58,875,"Obanliku","Cross River","South-South",110324
546,81,671,1093,79,8,81,10,13,81,17,0,81,0,0,81,0,686,81,847,"Obi","Nasarawa","North-Central",148874
547,112,693,815,91,19,112,17,31,112,28,11,112,10,334,112,299,585,112,523,"Obi","Benue","North-Central",98855
548,61,830,1143,52,22,61,37,33,61,55,14,61,23,0,61,0,699,61,1146,"Obi Nwa","Abia","Southeast",181439
549,118,9258,1818,97,95,118,81,106,118,90,83,118,71,9051,118,7671,531,118,450,"Obio/Akpor","Rivers","South-South",464789
550,64,1575,530,58,7,64,11,23,64,36,17,64,27,1475,64,2305,334,64,522,"Obokun","Osun","Southwest",116511
551,62,3603,703,58,13,62,21,50,62,81,10,62,17,180,62,291,453,62,731,"Obot-Akara","Akwa Ibom","South-South",148281
552,67,2543,645,62,32,67,48,47,67,71,12,67,18,1291,67,1927,334,67,499,"Obowo","Imo","Southeast",118114
553,93,832,1348,82,20,93,22,35,93,38,20,93,22,346,93,373,633,93,681,"Obubra","Cross River","South-South",172444
554,110,1124,1694,97,33,110,30,71,110,65,12,110,11,632,110,575,1044,110,950,"Obudu","Cross River","South-South",160106
555,69,631,1001,69,11,69,16,31,69,45,12,69,18,0,69,0,768,69,1114,"Odeda","Ogun","Southwest",109449
556,136,2517,1933,127,15,136,12,93,136,69,33,136,25,2377,136,1748,953,136,701,"Odigbo","Ondo","Southwest",230351
557,125,1200,1804,110,55,125,44,103,125,83,94,125,76,958,125,767,1099,125,880,"Odogbolu","Ogun","Southwest",127123
558,87,970,766,87,18,87,21,48,87,56,28,87,33,0,87,0,502,87,578,"Odo-otin","Osun","Southwest",134110
559,81,949,1195,80,19,81,24,53,81,66,16,81,20,0,81,0,664,81,820,"Odukpani","Cross River","South-South",192444
560,105,991,1821,62,35,105,34,73,105,70,43,105,41,871,105,830,994,105,947,"Offa","Kwara","North-Central",89674
561,182,1096,1214,151,5,182,3,29,182,16,20,182,11,690,182,380,871,182,479,"Ofu","Kogi","North-Central",192169
562,123,1115,1379,93,48,123,40,71,123,58,72,123,59,722,123,587,648,123,527,"Ogba/Egbema/Ndoni","Rivers","South-South",284010
563,133,931,1028,115,10,133,8,46,133,35,28,133,22,635,133,478,761,133,573,"Ogbadibo","Benue","North-Central",128707
564,75,1770,1123,67,33,75,44,45,75,60,25,75,34,307,75,410,455,75,607,"Ogbaru","Anambra","Southeast",221879
565,52,317,755,35,4,52,8,18,52,35,30,52,58,157,52,302,423,52,814,"Ogbia","Bayelsa","South-South",179926
566,77,857,1529,48,25,77,33,44,77,58,34,77,45,718,77,933,799,77,1038,"Ogbomoso North","Oyo","Southwest",198720
567,97,984,1678,59,25,97,26,62,97,64,28,97,29,848,97,875,902,97,930,"Ogbomoso South","Oyo","Southwest",100815
568,13,86,141,8,8,13,62,4,13,31,6,13,47,47,13,362,65,13,500,"Ogo Bolo","Rivers","South-South",74683
569,108,2059,1254,98,17,108,16,43,108,40,27,108,25,1561,108,1446,666,108,617,"Ogoja","Cross River","South-South",171901
570,86,1624,744,74,11,86,13,28,86,33,17,86,20,2233,86,2597,475,86,553,"Ogo Oluwa","Oyo","Southwest",65184
571,25,174,255,21,14,25,56,13,25,52,8,25,32,151,25,604,187,25,748,"Ogori/Magongo","Kogi","North-Central",39622
572,72,577,771,71,12,72,17,24,72,34,16,72,23,474,72,659,567,72,788,"Ogun waterside","Ogun","Southwest",72935
573,57,550,394,55,9,57,16,19,57,34,18,57,32,197,57,346,280,57,492,"Oguta","Imo","Southeast",143008
574,79,917,1104,67,13,79,17,49,79,63,8,79,11,0,79,0,584,79,740,"Ohafia","Abia","Southeast",245144
575,55,1437,358,54,16,55,30,21,55,39,14,55,26,97,55,177,219,55,399,"Ohaji/Egbema","Imo","Southeast",182538
576,79,1761,772,70,37,79,47,22,79,28,7,79,9,287,79,364,492,79,623,"Ohaozara","Ebonyi","Southeast",148626
577,197,3813,2132,165,50,197,26,41,197,21,25,197,13,508,197,258,1294,197,657,"Ohaukwu","Ebonyi","Southeast",196337
578,83,1629,775,78,7,83,9,31,83,38,19,83,23,435,83,525,579,83,698,"Ohimini","Benue","North-Central",71482
579,87,757,670,87,21,87,25,17,87,20,3,87,4,0,87,0,543,87,625,"Ohionmwon","Edo","South-South",182717
580,113,6779,1078,106,18,113,16,39,113,35,41,113,37,293,113,260,660,113,585,"Oji-River","Enugu","Southeast",126587
581,91,1180,1918,60,50,91,55,55,91,61,52,91,58,795,91,874,541,91,595,"Ojo","Lagos","Southwest",598071
582,166,6365,1753,140,49,166,30,65,166,40,11,166,7,2607,166,1571,1321,166,796,"Oju","Benue","North-Central",170236
583,115,785,1280,95,24,115,21,47,115,41,28,115,25,626,115,545,749,115,652,"Okehi","Kogi","North-Central",199999
584,81,2663,1086,73,32,81,40,47,81,59,41,81,51,1417,81,1750,658,81,813,"Okene","Kogi","North-Central",320260
585,70,481,707,46,26,70,38,27,70,39,35,70,50,435,70,622,344,70,492,"Oke-Ero","Kwara","North-Central",57619
586,91,818,950,84,19,91,21,57,91,63,21,91,24,347,91,382,384,91,422,"Okigwe","Imo","Southeast",132237
587,111,4292,1421,108,17,111,16,57,111,52,26,111,24,3848,111,3467,911,111,821,"Okitipupa","Ondo","Southwest",233565
588,52,580,548,50,3,52,6,31,52,60,21,52,41,227,52,437,321,52,618,"Okobo","Akwa Ibom","South-South",104057
589,79,748,1330,76,25,79,32,46,79,59,49,79,63,549,79,695,645,79,817,"Okpe","Delta","South-South",130029
590,50,405,584,35,19,50,38,19,50,38,19,50,38,314,50,628,174,50,348,"Okrika","Rivers","South-South",222026
591,91,632,903,82,5,91,6,33,91,37,6,91,7,1391,91,1529,680,91,748,"Olamabolo","Kogi","North-Central",160152
592,58,499,408,55,11,58,19,18,58,32,15,58,26,340,58,587,266,58,459,"Ola-oluwa","Osun","Southwest",76593
593,87,982,1319,58,37,87,43,60,87,69,50,87,58,859,87,988,660,87,759,"Olorunda","Osun","Southwest",131761
594,89,2501,654,79,18,89,21,38,89,43,34,89,39,423,89,476,443,89,498,"Olorunsogo","Oyo","Southwest",81759
595,128,797,999,99,16,128,13,37,128,29,48,128,38,1609,128,1258,686,128,536,"Oluyole","Oyo","Southwest",202725
596,95,729,738,92,0,95,0,40,95,43,0,95,0,0,95,0,595,95,627,"Omala","Kogi","North-Central",108402
597,26,246,246,26,9,26,35,8,26,31,5,26,20,0,26,0,172,26,662,"Omuma","Rivers","South-South",100366
598,168,1239,1793,141,8,168,5,76,168,46,53,168,32,842,168,502,1199,168,714,"Ona-ara","Oyo","Southwest",265059
599,62,494,672,61,6,62,10,22,62,36,16,62,26,12,62,20,482,62,778,"Ondo East","Ondo","Southwest",74758
600,89,2194,2232,82,12,89,14,44,89,50,23,89,26,1035,89,1163,1150,89,1293,"Ondo west","Ondo","Southwest",283672
601,25,143,162,19,3,25,12,3,25,12,2,25,8,1051,25,4204,104,25,416,"Onicha","Ebonyi","Southeast",236828
602,57,2317,1990,55,28,57,50,48,57,85,38,57,67,687,57,1206,602,57,1057,"Onitsha North","Anambra","Southeast",124942
603,69,1354,1638,66,36,69,53,60,69,87,31,69,45,832,69,1206,655,69,950,"Onitsha","Anambra","Southeast",136662
604,50,603,567,44,20,50,40,43,50,86,28,50,56,235,50,470,394,50,788,"Onna","Akwa Ibom","South-South",123373
605,157,6086,1222,141,5,157,4,46,157,30,29,157,19,3320,157,2115,778,157,496,"Okpokwu","Benue","North-Central",176647
606,26,160,159,20,6,26,24,8,26,31,1,26,4,91,26,350,96,26,370,"Opobo/Nkoro","Rivers","South-South",151511
607,63,510,1039,28,20,63,32,21,63,34,13,63,21,316,63,502,451,63,716,"Oredo","Edo","South-South",374671
608,86,2613,1072,74,16,86,19,33,86,39,24,86,28,2512,86,2921,788,86,917,"Orelope","Oyo","Southwest",104441
609,112,3988,920,95,26,112,24,52,112,47,27,112,25,767,112,685,543,112,485,"Oriade","Osun","Southwest",148617
610,47,436,260,47,7,47,15,11,47,24,2,47,5,0,47,0,180,47,383,"OriIre","Oyo","Southwest",150628
611,77,3798,896,70,6,77,8,47,77,62,46,77,60,183,77,238,328,77,426,"Orlu","Imo","Southeast",142717
612,17,190,154,14,6,17,36,6,17,36,4,17,24,153,17,900,97,17,571,"Orolu","Osun","Southwest",103077
613,29,1372,545,22,16,29,56,23,29,80,22,29,76,1295,29,4466,247,29,852,"Oron","Akwa Ibom","South-South",87461
614,56,1586,635,55,16,56,29,40,56,72,26,56,47,2160,56,3858,407,56,727,"Orsu","Imo","Southeast",120003
615,64,1573,488,61,10,64,16,17,64,27,20,64,32,211,64,330,282,64,441,"Oru East","Imo","Southeast",111822
616,103,1085,1104,102,20,103,20,74,103,72,4,103,4,0,103,0,715,103,695,"Oruk Anam","Akwa Ibom","South-South",172654
617,97,2251,1067,92,24,97,25,67,97,70,38,97,40,368,97,380,481,97,496,"Orumba North","Anambra","Southeast",172405
618,60,651,536,59,11,60,19,45,60,75,10,60,17,0,60,0,266,60,444,"Orumba South","Anambra","Southeast",187198
619,59,7544,544,52,8,59,14,37,59,63,25,59,43,3187,59,5402,292,59,495,"Oru West","Imo","Southeast",117492
620,69,777,678,60,13,69,19,30,69,44,28,69,41,1603,69,2324,451,69,654,"Ose","Ondo","Southwest",144901
621,87,1997,1212,79,30,87,35,64,87,74,40,87,46,1601,87,1841,554,87,637,"Oshimili North","Delta","South-South",115316
622,101,1225,2150,94,77,101,77,86,101,86,73,101,73,1038,101,1028,1083,101,1073,"Oshimili South","Delta","South-South",149603
623,118,1609,2603,79,92,118,78,100,118,85,86,118,73,1314,118,1114,911,118,773,"Oshodi-Isolo","Lagos","Southwest",621509
624,39,363,574,35,11,39,29,12,39,31,3,39,8,174,39,447,358,39,918,"Osisioma Ngwa","Abia","Southeast",219632
625,70,1808,1225,46,20,70,29,42,70,60,21,70,30,636,70,909,711,70,1016,"Osogbo","Osun","Southwest",156694
626,139,1196,1725,113,4,139,3,48,139,35,39,139,29,741,139,534,1093,139,787,"Oturkpo","Benue","North-Central",261666
627,31,175,218,29,2,31,7,6,31,20,2,31,7,112,31,362,175,31,565,"Ovia North East","Edo","South-South",153849
628,44,3263,358,40,10,44,23,11,44,25,14,44,32,149,44,339,297,44,675,"Ovia-South-West","Edo","South-South",135356
629,56,1623,687,48,4,56,8,27,56,49,23,56,42,428,56,765,542,56,968,"Owan East","Edo","South-South",154385
630,73,606,830,59,9,73,13,37,73,51,24,73,33,435,73,596,543,73,744,"Owan West","Edo","South-South",97388
631,46,800,1544,39,16,46,35,30,46,66,19,46,42,1502,46,3266,482,46,1048,"Owerri-Municipal","Imo","Southeast",127213
632,115,4165,1938,103,51,115,45,70,115,61,68,115,60,2801,115,2436,724,115,630,"Owerri North","Imo","Southeast",175395
633,83,945,1340,74,29,83,35,41,83,50,33,83,40,389,83,469,553,83,667,"Owerri West","Imo","Southeast",99265
634,78,7816,1086,77,6,78,8,37,78,48,41,78,53,1612,78,2067,649,78,833,"Owo","Ondo","Southwest",218886
635,101,2992,1282,86,12,101,12,57,101,57,12,101,12,2623,101,2598,875,101,867,"Oye","Ekiti","Southwest",134210
636,35,351,356,33,9,35,26,20,35,58,11,35,32,126,35,360,202,35,578,"Oyi","Anambra","Southeast",168029
637,152,45798,1025,129,88,152,58,106,152,70,125,152,83,37576,152,24722,465,152,306,"Oyigbo","Rivers","South-South",122687
638,148,2289,2066,111,20,148,14,87,148,59,61,148,42,1083,148,732,1186,148,802,"Oyo","Oyo","Southwest",136236
639,75,633,1164,56,9,75,12,41,75,55,30,75,40,537,75,716,622,75,830,"Oyo East","Oyo","Southwest",123846
640,131,923,1497,95,70,131,54,59,131,46,44,131,34,627,131,479,771,131,589,"Oyun","Kwara","North-Central",94253
641,195,2272,1769,179,70,195,36,43,195,23,29,195,15,917,195,471,1055,195,542,"Paikoro","Niger","North-Central",158086
642,168,1266,1347,149,17,168,11,16,168,10,5,168,3,849,168,506,1017,168,606,"Pankshin","Plateau","North-Central",191685
643,35,313,519,34,5,35,15,8,35,23,8,35,23,210,35,600,305,35,872,"Patani","Delta","South-South",67707
644,142,795,959,116,31,142,22,45,142,32,35,142,25,634,142,447,555,142,391,"Patigi","Kwara","North-Central",112317
645,69,722,1492,57,45,69,66,44,69,64,43,69,63,484,69,702,406,69,589,"Port-Harcourt","Rivers","South-South",541115
646,53,544,977,40,7,53,14,32,53,61,2,53,4,476,53,899,632,53,1193,"Potiskum","Yobe","Northeast",205876
647,185,1192,1605,165,22,185,12,18,185,10,0,185,0,743,185,402,974,185,527,"Qua'an-Pan","Plateau","North-Central",196929
648,81,1347,413,77,23,81,29,39,81,49,10,81,13,246,81,304,140,81,173,"Rabah","Sokoto","Northwest",149165
649,133,703,1065,119,40,133,31,39,133,30,24,133,19,501,133,377,551,133,415,"Rafi","Niger","North-Central",181929
650,139,764,1091,132,20,139,15,53,139,39,39,139,29,557,139,401,403,139,290,"Rano","Kano","Northwest",145439
651,51,523,691,44,19,51,38,37,51,73,24,51,48,407,51,799,424,51,832,"Remo North","Ogun","Southwest",59911
652,101,540,697,89,33,101,33,35,101,35,12,101,12,431,101,427,439,101,435,"Rijau","Niger","North-Central",176053
653,72,419,518,62,12,72,17,44,72,62,13,72,19,333,72,463,250,72,348,"Rimi","Katsina","Northwest",153744
654,88,424,783,80,28,88,32,29,88,33,18,88,21,284,88,323,250,88,285,"Rimin Gado","Kano","Northwest",104790
655,118,743,951,95,65,118,56,42,118,36,16,118,14,572,118,485,308,118,262,"Ringim","Jigawa","Northwest",192024
656,73,561,674,72,24,73,33,15,73,21,5,73,7,0,73,0,440,73,603,"Riyom","Plateau","North-Central",131557
657,144,778,853,125,28,144,20,95,144,66,24,144,17,1361,144,946,366,144,255,"Rogo","Kano","Northwest",227742
658,54,353,463,35,22,54,41,33,54,62,21,54,39,306,54,567,172,54,319,"Roni","Jigawa","Northwest",77819
659,149,1722,1155,120,20,149,14,24,149,17,11,149,8,1399,149,939,246,149,166,"Sabon-Birni","Sokoto","Northwest",207599
660,59,2496,1099,47,8,59,14,39,59,67,21,59,36,2297,59,3894,742,59,1258,"Sabon-Gari","Kaduna","Northwest",286871
661,78,394,355,66,31,78,40,53,78,68,33,78,43,2265,78,2904,150,78,193,"Sabuwa","Katsina","Northwest",136050
663,106,801,1236,91,20,106,19,47,106,45,1,106,1,0,106,0,613,106,579,"Sagbama","Bayelsa","South-South",187146
664,69,315,363,69,21,69,31,23,69,34,2,69,3,256,69,372,122,69,177,"Sakaba","Kebbi","Northwest",89937
665,72,4420,612,71,6,72,9,5,72,7,6,72,9,2318,72,3220,419,72,582,"Saki East","Oyo","Southwest",110223
666,150,8429,2080,119,25,150,17,74,150,50,47,150,32,998,150,666,1255,150,837,"Saki west","Oyo","Southwest",278002
667,1,4,4,1,0,1,0,0,1,0,0,1,0,4,1,400,3,1,300,"Sandamu","Katsina","Northwest",137287
668,6,53,36,6,2,6,34,2,6,34,0,6,0,45,6,750,15,6,250,"Sanga","Kaduna","Northwest",149333
669,208,2945,3244,195,80,208,39,139,208,67,90,208,44,1517,208,730,1480,208,712,"Sapele","Delta","South-South",171888
670,191,1240,1639,163,1,191,1,83,191,44,0,191,0,649,191,340,1043,191,547,"Sardauna","Taraba","Northeast",224437
671,164,2727,2418,128,95,164,58,123,164,75,66,164,41,1365,164,833,1240,164,757,"Shagamu","Ogun","Southwest",253412
672,87,455,634,81,13,87,15,22,87,26,9,87,11,209,87,241,180,87,207,"Shagari","Sokoto","Northwest",156413
673,31,159,316,31,5,31,17,15,31,49,0,31,0,140,31,452,74,31,239,"Shanga","Kebbi","Northwest",127146
674,56,317,518,54,2,56,4,11,56,20,0,56,0,0,56,0,386,56,690,"Shani","Borno","Northeast",102317
675,123,675,960,112,27,123,22,40,123,33,6,123,5,62,123,51,321,123,261,"Shanono","Kano","Northwest",140607
676,66,438,664,52,11,66,17,23,66,35,3,66,5,264,66,400,375,66,569,"Shelleng","Adamawa","Northeast",149069
677,188,1231,1381,171,32,188,18,35,188,19,7,188,4,879,188,468,1105,188,588,"Shendam","Plateau","North-Central",208017
678,77,530,821,70,15,77,20,36,77,47,4,77,6,407,77,529,343,77,446,"Shinkafi","Zamfara","Northwest",135649
679,34,1177,147,31,14,34,42,16,34,48,7,34,21,142,34,418,117,34,345,"Shira","Bauchi","Northeast",234014
680,175,1946,2058,160,42,175,24,45,175,26,27,175,16,459,175,263,1002,175,573,"Shiroro","Niger","North-Central",235404
681,52,272,355,46,8,52,16,17,52,33,13,52,25,220,52,424,204,52,393,"Shongom","Gombe","Northeast",151520
682,91,1253,1909,71,46,91,51,80,91,88,78,91,86,1048,91,1152,774,91,851,"Shomolu","Lagos","Southwest",402673
683,85,1406,394,61,9,85,11,15,85,18,8,85,10,1260,85,1483,85,85,100,"Silame","Sokoto","Northwest",104378
684,174,782,1316,164,38,174,22,72,174,42,10,174,6,588,174,338,631,174,363,"Soba","Kaduna","Northwest",293270
685,33,501,1040,23,1,33,4,26,33,79,22,33,67,429,33,1300,563,33,1707,"Sokoto North","Sokoto","Northwest",232846
686,29,611,844,21,3,29,11,29,29,100,27,29,94,538,29,1856,571,29,1969,"Sokoto South","Sokoto","Northwest",194914
687,105,655,983,99,0,105,0,49,105,47,12,105,12,0,105,0,0,105,0,"Song","Adamawa","Northeast",192697
688,169,1192,966,167,8,169,5,35,169,21,5,169,3,0,169,0,534,169,316,"Southern Ijaw","Bayelsa","South-South",319413
689,110,3008,1666,92,29,110,27,62,110,57,61,110,56,808,110,735,929,110,845,"Suleja","Niger","North-Central",216578
690,102,565,574,98,31,102,31,29,102,29,6,102,6,0,102,0,297,102,292,"Sule Tankakar","Jigawa","Northwest",130849
691,81,506,696,74,33,81,41,36,81,45,7,81,9,288,81,356,231,81,286,"Sumaila","Kano","Northwest",253661
692,85,518,634,82,20,85,24,35,85,42,8,85,10,0,85,0,258,85,304,"Suru","Kebbi","Northwest",150230
693,125,846,1086,115,19,125,16,25,125,20,13,125,11,671,125,537,623,125,499,"Surulere","Oyo","Southwest",142070
694,131,1505,1850,101,58,131,45,112,131,86,96,131,74,1313,131,1003,663,131,507,"Surulere","Lagos","Southwest",503975
695,61,464,587,53,22,61,37,27,61,45,21,61,35,355,61,582,289,61,474,"Tafa","Niger","North-Central",83544
696,40,191,285,37,7,40,18,2,40,5,1,40,3,97,40,243,138,40,345,"Tafawa-Balewa","Bauchi","Northeast",219988
697,41,1283,320,30,7,41,18,11,41,27,10,41,25,194,41,474,188,41,459,"Tai","Rivers","South-South",117797
698,88,629,612,87,30,88,35,43,88,49,8,88,10,0,88,0,143,88,163,"Takai","Kano","Northwest",202743
699,129,1066,1146,125,32,129,25,33,129,26,8,129,7,19,129,15,693,129,538,"Takum","Taraba","Northeast",135349
700,106,626,1187,84,29,106,28,30,106,29,9,106,9,483,106,456,589,106,556,"Talata-Mafara","Zamfara","Northwest",215178
701,107,830,1211,107,21,107,20,19,107,18,16,107,15,0,107,0,441,107,413,"Tambuwal","Sokoto","Northwest",224931
702,79,368,482,77,10,79,13,24,79,31,8,79,11,232,79,294,65,79,83,"Tangaza","Sokoto","Northwest",113853
703,70,755,1504,61,23,70,33,50,70,72,45,70,65,533,70,762,823,70,1176,"Tarauni","Kano","Northwest",221367
704,100,748,785,90,31,100,31,48,100,48,18,100,18,510,100,510,552,100,552,"Tarka","Benue","North-Central",79494
705,36,2185,179,30,11,36,31,18,36,50,0,36,0,2138,36,5939,89,36,248,"Tarmuwa","Yobe","Northeast",77204
706,76,1362,489,59,45,76,60,40,76,53,13,76,18,1232,76,1622,254,76,335,"Taura","Jigawa","Northwest",131757
707,91,2404,704,83,10,91,11,24,91,27,0,91,0,247,91,272,279,91,307,"Teungo","Adamawa","Northeast",52040
708,77,429,668,72,29,77,38,42,77,55,32,77,42,303,77,394,284,77,369,"Tofa","Kano","Northwest",97734
709,122,900,1202,89,46,122,38,40,122,33,26,122,22,727,122,596,803,122,659,"Toro","Bauchi","Northeast",350404
710,139,900,1456,139,19,139,14,18,139,13,1,139,1,0,139,0,654,139,471,"Toto","Nasarawa","North-Central",119077
711,117,1647,971,104,25,117,22,28,117,24,10,117,9,458,117,392,555,117,475,"Tsafe","Zamfara","Northwest",266008
712,139,688,860,128,63,139,46,50,139,36,47,139,34,437,139,315,323,139,233,"Tsanyawa","Kano","Northwest",157680
713,141,646,1234,124,23,141,17,37,141,27,12,141,9,459,141,326,397,141,282,"Tudun-Wada","Kano","Northwest",231742
714,59,1267,348,55,8,59,14,41,59,70,6,59,11,210,59,356,129,59,219,"Tureta","Sokoto","Northwest",68370
715,112,1136,1618,104,6,112,6,37,112,34,22,112,20,2301,112,2055,1066,112,952,"Udenu","Enugu","Southeast",178466
716,152,2169,1953,131,23,152,16,50,152,33,57,152,38,642,152,423,1058,152,697,"Udi","Enugu","Southeast",234002
717,133,1557,2353,119,50,133,38,67,133,51,73,133,55,1052,133,791,1253,133,943,"Udu","Delta","South-South",143361
718,14,170,164,12,3,14,22,10,14,72,2,14,15,82,14,586,139,14,993,"Udung Uko","Akwa Ibom","South-South",53278
719,198,2975,3158,196,78,198,40,96,198,49,91,198,46,1497,198,757,1491,198,754,"Ughelli North","Delta","South-South",321028
720,101,1017,1745,94,22,101,22,39,101,39,38,101,38,544,101,539,984,101,975,"Ughelli South","Delta","South-South",213576
721,39,2501,577,37,11,39,29,16,39,42,9,39,24,152,39,390,432,39,1108,"Ugwunagbo","Abia","Southeast",82618
722,66,519,729,63,11,66,17,13,66,20,8,66,13,337,66,511,626,66,949,"Uhunmwonde","Edo","South-South",120813
723,84,1826,1040,77,12,84,15,63,84,75,6,84,8,2239,84,2666,749,84,892,"Ukanafun","Akwa Ibom","South-South",127033
724,187,1106,1398,175,32,187,18,43,187,23,12,187,7,1583,187,847,1076,187,576,"Ukum","Benue","North-Central",216930
725,22,223,296,21,4,22,19,8,22,37,2,22,10,87,22,396,203,22,923,"Ukwa East","Abia","Southeast",58865
726,22,205,267,19,3,22,14,11,22,50,14,22,64,101,22,460,157,22,714,"Ukwa West","Abia","Southeast",88555
727,98,1047,1271,85,49,98,50,46,98,47,20,98,21,0,98,0,628,98,641,"Ukwuani","Delta","South-South",120390
728,76,996,1493,65,25,76,33,47,76,62,33,76,44,657,76,865,632,76,832,"Umuahia North","Abia","Southeast",220660
729,53,691,1049,49,13,53,25,36,53,68,11,53,21,235,53,444,556,53,1050,"Umuahia South","Abia","Southeast",138570
730,63,679,969,61,3,63,5,30,63,48,16,63,26,222,63,353,658,63,1045,"Umu-Neochi","Abia","Southeast",163928
731,48,1448,727,35,22,48,46,38,48,80,14,48,30,1366,48,2846,285,48,594,"Ungogo","Kano","Northwest",369657
732,51,487,427,51,11,51,22,26,51,51,9,51,18,0,51,0,228,51,448,"Unuimo","Imo","Southeast",99247
733,78,953,989,71,20,78,26,57,78,74,26,78,34,459,78,589,491,78,630,"Uruan","Akwa Ibom","South-South",118300
734,34,342,487,27,5,34,15,25,34,74,13,34,39,110,34,324,314,34,924,"Urue Offong/Oruko","Akwa Ibom","South-South",71159
735,156,2091,1292,137,48,156,31,63,156,41,8,156,6,855,156,549,908,156,583,"Ushongo","Benue","North-Central",188341
736,151,1033,1137,124,24,151,16,27,151,18,1,151,1,500,151,332,748,151,496,"Ussa","Taraba","Northeast",92017
737,256,3309,4882,243,178,256,70,218,256,86,212,256,83,3014,256,1178,2062,256,806,"Uvwie","Delta","South-South",191472
738,9,229,349,7,6,9,67,7,9,78,8,9,89,172,9,1912,102,9,1134,"Uyo","Akwa Ibom","South-South",309573
739,72,442,793,68,4,72,6,13,72,19,9,72,13,138,72,192,563,72,782,"Uzo Uwani","Enugu","Southeast",124480
740,135,1177,1331,121,30,135,23,41,135,31,12,135,9,718,135,532,939,135,696,"Vandeikya","Benue","North-Central",230120
741,68,383,698,61,8,68,12,31,68,46,11,68,17,236,68,348,363,68,534,"Wammako","Sokoto","Northwest",179619
742,184,1324,1890,171,22,184,12,47,184,26,25,184,14,298,184,162,1155,184,628,"Wamba","Nasarawa","North-Central",72894
743,114,1437,739,107,26,114,23,68,114,60,14,114,13,1309,114,1149,301,114,265,"Warawa","Kano","Northwest",128787
744,84,363,669,69,20,84,24,36,84,43,4,84,5,277,84,330,393,84,468,"Warji","Bauchi","Northeast",114720
745,56,343,300,53,7,56,13,14,56,25,5,56,9,197,56,352,159,56,284,"Warri North","Delta","South-South",137300
746,90,2145,2067,87,54,90,60,67,90,75,62,90,69,848,90,943,1043,90,1159,"Warri South","Delta","South-South",303417
747,45,363,521,42,8,45,18,16,45,36,4,45,9,0,45,0,293,45,652,"Warri South West","Delta","South-South",116681
748,117,638,835,103,31,117,27,58,117,50,4,117,4,395,117,338,420,117,359,"Wasagu/Danko","Kebbi","Northwest",265203
749,160,857,1417,140,13,160,9,13,160,9,4,160,3,296,160,185,874,160,547,"Wase","Plateau","North-Central",161714
750,110,702,934,103,28,110,26,70,110,64,27,110,25,450,110,410,358,110,326,"Wudil","Kano","Northwest",185189
752,76,346,374,70,14,76,19,25,76,33,8,76,11,217,76,286,170,76,224,"Wurno","Sokoto","Northwest",162307
753,78,552,467,76,10,78,13,20,78,26,7,78,9,0,78,0,154,78,198,"Wushishi","Niger","North-Central",81783
754,68,282,459,38,8,68,12,29,68,43,17,68,25,2170,68,3192,158,68,233,"Yabo","Sokoto","Northwest",115011
755,74,613,1052,62,19,74,26,38,74,52,19,74,26,498,74,673,659,74,891,"Yagba East","Kogi","North-Central",149023
756,89,766,1168,64,33,89,38,36,89,41,28,89,32,537,89,604,788,89,886,"Yagba West","Kogi","North-Central",140150
757,93,3959,1887,84,30,93,33,57,93,62,35,93,38,549,93,591,962,93,1035,"Yakurr","Cross River","South-South",196450
758,145,1342,1452,142,51,145,36,45,145,32,11,145,8,0,145,0,814,145,562,"Yala","Cross River","South-South",210843
759,121,695,1415,88,25,121,21,58,121,48,25,121,21,489,121,405,734,121,607,"Yalmatu/Deba","Gombe","Northeast",255248
760,46,244,413,32,19,46,42,20,46,44,4,46,9,196,46,427,184,46,400,"Yankwashi","Jigawa","Northwest",95759
761,41,287,545,36,11,41,27,20,41,49,7,41,18,196,41,479,300,41,732,"Yauri","Kebbi","Northwest",88777
762,88,9488,1264,49,14,88,16,39,88,45,36,88,41,338,88,385,528,88,600,"Yenagoa","Bayelsa","South-South",353344
763,50,861,1712,38,20,50,40,37,50,74,40,50,80,639,50,1278,1165,50,2330,"Yola North","Adamawa","Northeast",198247
764,98,22694,2034,75,24,98,25,62,98,64,36,98,37,12574,98,12831,1161,98,1185,"Yola South","Adamawa","Northeast",194607
765,37,232,509,34,7,37,19,9,37,25,0,37,0,167,37,452,311,37,841,"Yorro","Taraba","Northeast",89410
766,53,269,257,52,15,53,29,19,53,36,1,53,2,0,53,0,68,53,129,"Yunusari","Yobe","Northeast",125821
767,13,53,43,11,5,13,39,3,13,24,0,13,0,40,13,308,9,13,70,"Yusufari","Yobe","Northeast",111086
769,92,629,902,75,19,92,21,37,92,41,8,92,9,377,92,410,215,92,234,"Zango","Katsina","Northwest",154743
770,211,1203,1346,207,14,211,7,20,211,10,14,211,7,750,211,356,952,211,452,"Zangon Kataf","Kaduna","Northwest",316370
771,128,962,2156,115,46,128,36,89,128,70,36,128,29,862,128,674,1579,128,1234,"Zaria","Kaduna","Northwest",408198
772,69,1403,702,62,16,69,24,23,69,34,3,69,5,214,69,311,367,69,532,"Zing","Taraba","Northeast",127363
773,113,595,610,113,28,113,25,54,113,48,4,113,4,0,113,0,333,113,295,"Zurmi","Zamfara","Northwest",293837
774,73,526,1128,70,20,73,28,29,73,40,6,73,9,413,73,566,590,73,809,"Zuru","Kebbi","Northwest",165547
